{
    "providers": [
        {
            "type": "space",
            "advances": {
                " ": 4
            }
        },
        {
            "type": "bitmap",
            "file": "dodgebolters:0.png",
            "chars": [
                ""
            ],
            "ascent": -32768,
            "height": -3
        },
        {
            "type": "bitmap",
            "file": "dodgebolters:0.png",
            "chars": [
                ""
            ],
            "ascent": -32768,
            "height": -4
        },
        {
            "type": "bitmap",
            "file": "dodgebolters:0.png",
            "chars": [
                ""
            ],
            "ascent": -32768,
            "height": -5
        },
        {
            "type": "bitmap",
            "file": "dodgebolters:0.png",
            "chars": [
                ""
            ],
            "ascent": -32768,
            "height": -6
        },
        {
            "type": "bitmap",
            "file": "dodgebolters:0.png",
            "chars": [
                ""
            ],
            "ascent": -32768,
            "height": -7
        },
        {
            "type": "bitmap",
            "file": "dodgebolters:0.png",
            "chars": [
                ""
            ],
            "ascent": -32768,
            "height": -8
        },
        {
            "type": "bitmap",
            "file": "dodgebolters:0.png",
            "chars": [
                ""
            ],
            "ascent": -32768,
            "height": -9
        },
        {
            "type": "bitmap",
            "file": "dodgebolters:0.png",
            "chars": [
                ""
            ],
            "ascent": -32768,
            "height": -10
        },
        {
            "type": "bitmap",
            "file": "dodgebolters:0.png",
            "chars": [
                ""
            ],
            "ascent": -32768,
            "height": -11
        },
        {
            "type": "bitmap",
            "file": "dodgebolters:0.png",
            "chars": [
                ""
            ],
            "ascent": -32768,
            "height": -12
        },
        {
            "type": "bitmap",
            "file": "dodgebolters:0.png",
            "chars": [
                ""
            ],
            "ascent": -32768,
            "height": -13
        },
        {
            "type": "bitmap",
            "file": "dodgebolters:0.png",
            "chars": [
                ""
            ],
            "ascent": -32768,
            "height": -14
        },
        {
            "type": "bitmap",
            "file": "dodgebolters:0.png",
            "chars": [
                ""
            ],
            "ascent": -32768,
            "height": -15
        },
        {
            "type": "bitmap",
            "file": "dodgebolters:0.png",
            "chars": [
                ""
            ],
            "ascent": -32768,
            "height": -16
        },
        {
            "type": "bitmap",
            "file": "dodgebolters:0.png",
            "chars": [
                ""
            ],
            "ascent": -32768,
            "height": -17
        },
        {
            "type": "bitmap",
            "file": "dodgebolters:0.png",
            "chars": [
                ""
            ],
            "ascent": -32768,
            "height": -18
        },
        {
            "type": "bitmap",
            "file": "dodgebolters:0.png",
            "chars": [
                ""
            ],
            "ascent": -32768,
            "height": -19
        },
        {
            "type": "bitmap",
            "file": "dodgebolters:0.png",
            "chars": [
                ""
            ],
            "ascent": -32768,
            "height": -20
        },
        {
            "type": "bitmap",
            "file": "dodgebolters:0.png",
            "chars": [
                ""
            ],
            "ascent": -32768,
            "height": -21
        },
        {
            "type": "bitmap",
            "file": "dodgebolters:0.png",
            "chars": [
                ""
            ],
            "ascent": -32768,
            "height": -22
        },
        {
            "type": "bitmap",
            "file": "dodgebolters:0.png",
            "chars": [
                ""
            ],
            "ascent": -32768,
            "height": -23
        },
        {
            "type": "bitmap",
            "file": "dodgebolters:0.png",
            "chars": [
                ""
            ],
            "ascent": -32768,
            "height": -24
        },
        {
            "type": "bitmap",
            "file": "dodgebolters:0.png",
            "chars": [
                ""
            ],
            "ascent": -32768,
            "height": -25
        },
        {
            "type": "bitmap",
            "file": "dodgebolters:0.png",
            "chars": [
                ""
            ],
            "ascent": -32768,
            "height": -26
        },
        {
            "type": "bitmap",
            "file": "dodgebolters:0.png",
            "chars": [
                ""
            ],
            "ascent": -32768,
            "height": -27
        },
        {
            "type": "bitmap",
            "file": "dodgebolters:0.png",
            "chars": [
                ""
            ],
            "ascent": -32768,
            "height": -28
        },
        {
            "type": "bitmap",
            "file": "dodgebolters:0.png",
            "chars": [
                ""
            ],
            "ascent": -32768,
            "height": -29
        },
        {
            "type": "bitmap",
            "file": "dodgebolters:0.png",
            "chars": [
                ""
            ],
            "ascent": -32768,
            "height": -30
        },
        {
            "type": "bitmap",
            "file": "dodgebolters:0.png",
            "chars": [
                ""
            ],
            "ascent": -32768,
            "height": -31
        },
        {
            "type": "bitmap",
            "file": "dodgebolters:0.png",
            "chars": [
                ""
            ],
            "ascent": -32768,
            "height": -32
        },
        {
            "type": "bitmap",
            "file": "dodgebolters:0.png",
            "chars": [
                ""
            ],
            "ascent": -32768,
            "height": -33
        },
        {
            "type": "bitmap",
            "file": "dodgebolters:0.png",
            "chars": [
                ""
            ],
            "ascent": -32768,
            "height": -34
        },
        {
            "type": "bitmap",
            "file": "dodgebolters:0.png",
            "chars": [
                ""
            ],
            "ascent": -32768,
            "height": -35
        },
        {
            "type": "bitmap",
            "file": "dodgebolters:0.png",
            "chars": [
                ""
            ],
            "ascent": -32768,
            "height": -36
        },
        {
            "type": "bitmap",
            "file": "dodgebolters:0.png",
            "chars": [
                ""
            ],
            "ascent": -32768,
            "height": -37
        },
        {
            "type": "bitmap",
            "file": "dodgebolters:0.png",
            "chars": [
                ""
            ],
            "ascent": -32768,
            "height": -38
        },
        {
            "type": "bitmap",
            "file": "dodgebolters:0.png",
            "chars": [
                ""
            ],
            "ascent": -32768,
            "height": -39
        },
        {
            "type": "bitmap",
            "file": "dodgebolters:0.png",
            "chars": [
                ""
            ],
            "ascent": -32768,
            "height": -40
        },
        {
            "type": "bitmap",
            "file": "dodgebolters:0.png",
            "chars": [
                ""
            ],
            "ascent": -32768,
            "height": -41
        },
        {
            "type": "bitmap",
            "file": "dodgebolters:0.png",
            "chars": [
                ""
            ],
            "ascent": -32768,
            "height": -42
        },
        {
            "type": "bitmap",
            "file": "dodgebolters:0.png",
            "chars": [
                ""
            ],
            "ascent": -32768,
            "height": -43
        },
        {
            "type": "bitmap",
            "file": "dodgebolters:0.png",
            "chars": [
                ""
            ],
            "ascent": -32768,
            "height": -44
        },
        {
            "type": "bitmap",
            "file": "dodgebolters:0.png",
            "chars": [
                ""
            ],
            "ascent": -32768,
            "height": -45
        },
        {
            "type": "bitmap",
            "file": "dodgebolters:0.png",
            "chars": [
                ""
            ],
            "ascent": -32768,
            "height": -46
        },
        {
            "type": "bitmap",
            "file": "dodgebolters:0.png",
            "chars": [
                ""
            ],
            "ascent": -32768,
            "height": -47
        },
        {
            "type": "bitmap",
            "file": "dodgebolters:0.png",
            "chars": [
                ""
            ],
            "ascent": -32768,
            "height": -48
        },
        {
            "type": "bitmap",
            "file": "dodgebolters:0.png",
            "chars": [
                ""
            ],
            "ascent": -32768,
            "height": -49
        },
        {
            "type": "bitmap",
            "file": "dodgebolters:0.png",
            "chars": [
                ""
            ],
            "ascent": -32768,
            "height": -50
        },
        {
            "type": "bitmap",
            "file": "dodgebolters:0.png",
            "chars": [
                ""
            ],
            "ascent": -32768,
            "height": -51
        },
        {
            "type": "bitmap",
            "file": "dodgebolters:0.png",
            "chars": [
                ""
            ],
            "ascent": -32768,
            "height": -52
        },
        {
            "type": "bitmap",
            "file": "dodgebolters:0.png",
            "chars": [
                ""
            ],
            "ascent": -32768,
            "height": -53
        },
        {
            "type": "bitmap",
            "file": "dodgebolters:0.png",
            "chars": [
                ""
            ],
            "ascent": -32768,
            "height": -54
        },
        {
            "type": "bitmap",
            "file": "dodgebolters:0.png",
            "chars": [
                ""
            ],
            "ascent": -32768,
            "height": -55
        },
        {
            "type": "bitmap",
            "file": "dodgebolters:0.png",
            "chars": [
                ""
            ],
            "ascent": -32768,
            "height": -56
        },
        {
            "type": "bitmap",
            "file": "dodgebolters:0.png",
            "chars": [
                ""
            ],
            "ascent": -32768,
            "height": -57
        },
        {
            "type": "bitmap",
            "file": "dodgebolters:0.png",
            "chars": [
                ""
            ],
            "ascent": -32768,
            "height": -58
        },
        {
            "type": "bitmap",
            "file": "dodgebolters:0.png",
            "chars": [
                ""
            ],
            "ascent": -32768,
            "height": -59
        },
        {
            "type": "bitmap",
            "file": "dodgebolters:0.png",
            "chars": [
                ""
            ],
            "ascent": -32768,
            "height": -60
        },
        {
            "type": "bitmap",
            "file": "dodgebolters:0.png",
            "chars": [
                ""
            ],
            "ascent": -32768,
            "height": -61
        },
        {
            "type": "bitmap",
            "file": "dodgebolters:0.png",
            "chars": [
                ""
            ],
            "ascent": -32768,
            "height": -62
        },
        {
            "type": "bitmap",
            "file": "dodgebolters:0.png",
            "chars": [
                ""
            ],
            "ascent": -32768,
            "height": -63
        },
        {
            "type": "bitmap",
            "file": "dodgebolters:0.png",
            "chars": [
                ""
            ],
            "ascent": -32768,
            "height": -64
        },
        {
            "type": "bitmap",
            "file": "dodgebolters:0.png",
            "chars": [
                ""
            ],
            "ascent": -32768,
            "height": -65
        },
        {
            "type": "bitmap",
            "file": "dodgebolters:0.png",
            "chars": [
                ""
            ],
            "ascent": -32768,
            "height": -66
        },
        {
            "type": "bitmap",
            "file": "dodgebolters:0.png",
            "chars": [
                ""
            ],
            "ascent": -32768,
            "height": -67
        },
        {
            "type": "bitmap",
            "file": "dodgebolters:0.png",
            "chars": [
                ""
            ],
            "ascent": -32768,
            "height": -68
        },
        {
            "type": "bitmap",
            "file": "dodgebolters:0.png",
            "chars": [
                ""
            ],
            "ascent": -32768,
            "height": -69
        },
        {
            "type": "bitmap",
            "file": "dodgebolters:0.png",
            "chars": [
                ""
            ],
            "ascent": -32768,
            "height": -70
        },
        {
            "type": "bitmap",
            "file": "dodgebolters:0.png",
            "chars": [
                ""
            ],
            "ascent": -32768,
            "height": -71
        },
        {
            "type": "bitmap",
            "file": "dodgebolters:0.png",
            "chars": [
                ""
            ],
            "ascent": -32768,
            "height": -72
        },
        {
            "type": "bitmap",
            "file": "dodgebolters:0.png",
            "chars": [
                ""
            ],
            "ascent": -32768,
            "height": -73
        },
        {
            "type": "bitmap",
            "file": "dodgebolters:0.png",
            "chars": [
                ""
            ],
            "ascent": -32768,
            "height": -74
        },
        {
            "type": "bitmap",
            "file": "dodgebolters:0.png",
            "chars": [
                ""
            ],
            "ascent": -32768,
            "height": -75
        },
        {
            "type": "bitmap",
            "file": "dodgebolters:0.png",
            "chars": [
                ""
            ],
            "ascent": -32768,
            "height": -76
        },
        {
            "type": "bitmap",
            "file": "dodgebolters:0.png",
            "chars": [
                ""
            ],
            "ascent": -32768,
            "height": -77
        },
        {
            "type": "bitmap",
            "file": "dodgebolters:0.png",
            "chars": [
                ""
            ],
            "ascent": -32768,
            "height": -78
        },
        {
            "type": "bitmap",
            "file": "dodgebolters:0.png",
            "chars": [
                ""
            ],
            "ascent": -32768,
            "height": -79
        },
        {
            "type": "bitmap",
            "file": "dodgebolters:0.png",
            "chars": [
                ""
            ],
            "ascent": -32768,
            "height": -80
        },
        {
            "type": "bitmap",
            "file": "dodgebolters:0.png",
            "chars": [
                ""
            ],
            "ascent": -32768,
            "height": -81
        },
        {
            "type": "bitmap",
            "file": "dodgebolters:0.png",
            "chars": [
                ""
            ],
            "ascent": -32768,
            "height": -82
        },
        {
            "type": "bitmap",
            "file": "dodgebolters:0.png",
            "chars": [
                ""
            ],
            "ascent": -32768,
            "height": -83
        },
        {
            "type": "bitmap",
            "file": "dodgebolters:0.png",
            "chars": [
                ""
            ],
            "ascent": -32768,
            "height": -84
        },
        {
            "type": "bitmap",
            "file": "dodgebolters:0.png",
            "chars": [
                ""
            ],
            "ascent": -32768,
            "height": -85
        },
        {
            "type": "bitmap",
            "file": "dodgebolters:0.png",
            "chars": [
                ""
            ],
            "ascent": -32768,
            "height": -86
        },
        {
            "type": "bitmap",
            "file": "dodgebolters:0.png",
            "chars": [
                ""
            ],
            "ascent": -32768,
            "height": -87
        },
        {
            "type": "bitmap",
            "file": "dodgebolters:0.png",
            "chars": [
                ""
            ],
            "ascent": -32768,
            "height": -88
        },
        {
            "type": "bitmap",
            "file": "dodgebolters:0.png",
            "chars": [
                ""
            ],
            "ascent": -32768,
            "height": -89
        },
        {
            "type": "bitmap",
            "file": "dodgebolters:0.png",
            "chars": [
                ""
            ],
            "ascent": -32768,
            "height": -90
        },
        {
            "type": "bitmap",
            "file": "dodgebolters:0.png",
            "chars": [
                ""
            ],
            "ascent": -32768,
            "height": -91
        },
        {
            "type": "bitmap",
            "file": "dodgebolters:0.png",
            "chars": [
                ""
            ],
            "ascent": -32768,
            "height": -92
        },
        {
            "type": "bitmap",
            "file": "dodgebolters:0.png",
            "chars": [
                ""
            ],
            "ascent": -32768,
            "height": -93
        },
        {
            "type": "bitmap",
            "file": "dodgebolters:0.png",
            "chars": [
                ""
            ],
            "ascent": -32768,
            "height": -94
        },
        {
            "type": "bitmap",
            "file": "dodgebolters:0.png",
            "chars": [
                ""
            ],
            "ascent": -32768,
            "height": -95
        },
        {
            "type": "bitmap",
            "file": "dodgebolters:0.png",
            "chars": [
                ""
            ],
            "ascent": -32768,
            "height": -96
        },
        {
            "type": "bitmap",
            "file": "dodgebolters:0.png",
            "chars": [
                ""
            ],
            "ascent": -32768,
            "height": -97
        },
        {
            "type": "bitmap",
            "file": "dodgebolters:0.png",
            "chars": [
                ""
            ],
            "ascent": -32768,
            "height": -98
        },
        {
            "type": "bitmap",
            "file": "dodgebolters:0.png",
            "chars": [
                ""
            ],
            "ascent": -32768,
            "height": -99
        },
        {
            "type": "bitmap",
            "file": "dodgebolters:0.png",
            "chars": [
                ""
            ],
            "ascent": -32768,
            "height": -100
        },
        {
            "type": "bitmap",
            "file": "dodgebolters:0.png",
            "chars": [
                ""
            ],
            "ascent": -32768,
            "height": -101
        },
        {
            "type": "bitmap",
            "file": "dodgebolters:0.png",
            "chars": [
                ""
            ],
            "ascent": -32768,
            "height": -102
        },
        {
            "type": "bitmap",
            "file": "dodgebolters:0.png",
            "chars": [
                ""
            ],
            "ascent": -32768,
            "height": -103
        },
        {
            "type": "bitmap",
            "file": "dodgebolters:0.png",
            "chars": [
                ""
            ],
            "ascent": -32768,
            "height": -104
        },
        {
            "type": "bitmap",
            "file": "dodgebolters:0.png",
            "chars": [
                ""
            ],
            "ascent": -32768,
            "height": -105
        },
        {
            "type": "bitmap",
            "file": "dodgebolters:0.png",
            "chars": [
                ""
            ],
            "ascent": -32768,
            "height": -106
        },
        {
            "type": "bitmap",
            "file": "dodgebolters:0.png",
            "chars": [
                ""
            ],
            "ascent": -32768,
            "height": -107
        },
        {
            "type": "bitmap",
            "file": "dodgebolters:0.png",
            "chars": [
                ""
            ],
            "ascent": -32768,
            "height": -108
        },
        {
            "type": "bitmap",
            "file": "dodgebolters:0.png",
            "chars": [
                ""
            ],
            "ascent": -32768,
            "height": -109
        },
        {
            "type": "bitmap",
            "file": "dodgebolters:0.png",
            "chars": [
                ""
            ],
            "ascent": -32768,
            "height": -110
        },
        {
            "type": "bitmap",
            "file": "dodgebolters:0.png",
            "chars": [
                ""
            ],
            "ascent": -32768,
            "height": -111
        },
        {
            "type": "bitmap",
            "file": "dodgebolters:0.png",
            "chars": [
                ""
            ],
            "ascent": -32768,
            "height": -112
        },
        {
            "type": "bitmap",
            "file": "dodgebolters:0.png",
            "chars": [
                ""
            ],
            "ascent": -32768,
            "height": -113
        },
        {
            "type": "bitmap",
            "file": "dodgebolters:0.png",
            "chars": [
                ""
            ],
            "ascent": -32768,
            "height": -114
        },
        {
            "type": "bitmap",
            "file": "dodgebolters:0.png",
            "chars": [
                ""
            ],
            "ascent": -32768,
            "height": -115
        },
        {
            "type": "bitmap",
            "file": "dodgebolters:0.png",
            "chars": [
                ""
            ],
            "ascent": -32768,
            "height": -116
        },
        {
            "type": "bitmap",
            "file": "dodgebolters:0.png",
            "chars": [
                ""
            ],
            "ascent": -32768,
            "height": -117
        },
        {
            "type": "bitmap",
            "file": "dodgebolters:0.png",
            "chars": [
                ""
            ],
            "ascent": -32768,
            "height": -118
        },
        {
            "type": "bitmap",
            "file": "dodgebolters:0.png",
            "chars": [
                ""
            ],
            "ascent": -32768,
            "height": -119
        },
        {
            "type": "bitmap",
            "file": "dodgebolters:0.png",
            "chars": [
                ""
            ],
            "ascent": -32768,
            "height": -120
        },
        {
            "type": "bitmap",
            "file": "dodgebolters:0.png",
            "chars": [
                ""
            ],
            "ascent": -32768,
            "height": -121
        },
        {
            "type": "bitmap",
            "file": "dodgebolters:0.png",
            "chars": [
                ""
            ],
            "ascent": -32768,
            "height": -122
        },
        {
            "type": "bitmap",
            "file": "dodgebolters:0.png",
            "chars": [
                ""
            ],
            "ascent": -32768,
            "height": -123
        },
        {
            "type": "bitmap",
            "file": "dodgebolters:0.png",
            "chars": [
                ""
            ],
            "ascent": -32768,
            "height": -124
        },
        {
            "type": "bitmap",
            "file": "dodgebolters:0.png",
            "chars": [
                ""
            ],
            "ascent": -32768,
            "height": -125
        },
        {
            "type": "bitmap",
            "file": "dodgebolters:0.png",
            "chars": [
                ""
            ],
            "ascent": -32768,
            "height": -126
        },
        {
            "type": "bitmap",
            "file": "dodgebolters:0.png",
            "chars": [
                ""
            ],
            "ascent": -32768,
            "height": -127
        },
        {
            "type": "bitmap",
            "file": "dodgebolters:0.png",
            "chars": [
                ""
            ],
            "ascent": -32768,
            "height": -128
        },
        {
            "type": "bitmap",
            "file": "dodgebolters:0.png",
            "chars": [
                ""
            ],
            "ascent": -32768,
            "height": -129
        },
        {
            "type": "bitmap",
            "file": "dodgebolters:0.png",
            "chars": [
                ""
            ],
            "ascent": -32768,
            "height": -130
        },
        {
            "type": "bitmap",
            "file": "dodgebolters:0.png",
            "chars": [
                ""
            ],
            "ascent": -32768,
            "height": -131
        },
        {
            "type": "bitmap",
            "file": "dodgebolters:0.png",
            "chars": [
                ""
            ],
            "ascent": -32768,
            "height": -132
        },
        {
            "type": "bitmap",
            "file": "dodgebolters:0.png",
            "chars": [
                ""
            ],
            "ascent": -32768,
            "height": -133
        },
        {
            "type": "bitmap",
            "file": "dodgebolters:0.png",
            "chars": [
                ""
            ],
            "ascent": -32768,
            "height": -134
        },
        {
            "type": "bitmap",
            "file": "dodgebolters:0.png",
            "chars": [
                ""
            ],
            "ascent": -32768,
            "height": -135
        },
        {
            "type": "bitmap",
            "file": "dodgebolters:0.png",
            "chars": [
                ""
            ],
            "ascent": -32768,
            "height": -136
        },
        {
            "type": "bitmap",
            "file": "dodgebolters:0.png",
            "chars": [
                ""
            ],
            "ascent": -32768,
            "height": -137
        },
        {
            "type": "bitmap",
            "file": "dodgebolters:0.png",
            "chars": [
                ""
            ],
            "ascent": -32768,
            "height": -138
        },
        {
            "type": "bitmap",
            "file": "dodgebolters:0.png",
            "chars": [
                ""
            ],
            "ascent": -32768,
            "height": -139
        },
        {
            "type": "bitmap",
            "file": "dodgebolters:0.png",
            "chars": [
                ""
            ],
            "ascent": -32768,
            "height": -140
        },
        {
            "type": "bitmap",
            "file": "dodgebolters:0.png",
            "chars": [
                ""
            ],
            "ascent": -32768,
            "height": -141
        },
        {
            "type": "bitmap",
            "file": "dodgebolters:0.png",
            "chars": [
                ""
            ],
            "ascent": -32768,
            "height": -142
        },
        {
            "type": "bitmap",
            "file": "dodgebolters:0.png",
            "chars": [
                ""
            ],
            "ascent": -32768,
            "height": -143
        },
        {
            "type": "bitmap",
            "file": "dodgebolters:0.png",
            "chars": [
                ""
            ],
            "ascent": -32768,
            "height": -144
        },
        {
            "type": "bitmap",
            "file": "dodgebolters:0.png",
            "chars": [
                ""
            ],
            "ascent": -32768,
            "height": -145
        },
        {
            "type": "bitmap",
            "file": "dodgebolters:0.png",
            "chars": [
                ""
            ],
            "ascent": -32768,
            "height": -146
        },
        {
            "type": "bitmap",
            "file": "dodgebolters:0.png",
            "chars": [
                ""
            ],
            "ascent": -32768,
            "height": -147
        },
        {
            "type": "bitmap",
            "file": "dodgebolters:0.png",
            "chars": [
                ""
            ],
            "ascent": -32768,
            "height": -148
        },
        {
            "type": "bitmap",
            "file": "dodgebolters:0.png",
            "chars": [
                ""
            ],
            "ascent": -32768,
            "height": -149
        },
        {
            "type": "bitmap",
            "file": "dodgebolters:0.png",
            "chars": [
                ""
            ],
            "ascent": -32768,
            "height": -150
        },
        {
            "type": "bitmap",
            "file": "dodgebolters:0.png",
            "chars": [
                ""
            ],
            "ascent": -32768,
            "height": -151
        },
        {
            "type": "bitmap",
            "file": "dodgebolters:0.png",
            "chars": [
                ""
            ],
            "ascent": -32768,
            "height": -152
        },
        {
            "type": "bitmap",
            "file": "dodgebolters:0.png",
            "chars": [
                ""
            ],
            "ascent": -32768,
            "height": -153
        },
        {
            "type": "bitmap",
            "file": "dodgebolters:0.png",
            "chars": [
                ""
            ],
            "ascent": -32768,
            "height": -154
        },
        {
            "type": "bitmap",
            "file": "dodgebolters:0.png",
            "chars": [
                ""
            ],
            "ascent": -32768,
            "height": -155
        },
        {
            "type": "bitmap",
            "file": "dodgebolters:0.png",
            "chars": [
                ""
            ],
            "ascent": -32768,
            "height": -156
        },
        {
            "type": "bitmap",
            "file": "dodgebolters:0.png",
            "chars": [
                ""
            ],
            "ascent": -32768,
            "height": -157
        },
        {
            "type": "bitmap",
            "file": "dodgebolters:0.png",
            "chars": [
                ""
            ],
            "ascent": -32768,
            "height": -158
        },
        {
            "type": "bitmap",
            "file": "dodgebolters:0.png",
            "chars": [
                ""
            ],
            "ascent": -32768,
            "height": -159
        },
        {
            "type": "bitmap",
            "file": "dodgebolters:0.png",
            "chars": [
                ""
            ],
            "ascent": -32768,
            "height": -160
        },
        {
            "type": "bitmap",
            "file": "dodgebolters:0.png",
            "chars": [
                ""
            ],
            "ascent": -32768,
            "height": -161
        },
        {
            "type": "bitmap",
            "file": "dodgebolters:0.png",
            "chars": [
                ""
            ],
            "ascent": -32768,
            "height": -162
        },
        {
            "type": "bitmap",
            "file": "dodgebolters:0.png",
            "chars": [
                ""
            ],
            "ascent": -32768,
            "height": -163
        },
        {
            "type": "bitmap",
            "file": "dodgebolters:0.png",
            "chars": [
                ""
            ],
            "ascent": -32768,
            "height": -164
        },
        {
            "type": "bitmap",
            "file": "dodgebolters:0.png",
            "chars": [
                ""
            ],
            "ascent": -32768,
            "height": -165
        },
        {
            "type": "bitmap",
            "file": "dodgebolters:0.png",
            "chars": [
                ""
            ],
            "ascent": -32768,
            "height": -166
        },
        {
            "type": "bitmap",
            "file": "dodgebolters:0.png",
            "chars": [
                ""
            ],
            "ascent": -32768,
            "height": -167
        },
        {
            "type": "bitmap",
            "file": "dodgebolters:0.png",
            "chars": [
                ""
            ],
            "ascent": -32768,
            "height": -168
        },
        {
            "type": "bitmap",
            "file": "dodgebolters:0.png",
            "chars": [
                ""
            ],
            "ascent": -32768,
            "height": -169
        },
        {
            "type": "bitmap",
            "file": "dodgebolters:0.png",
            "chars": [
                ""
            ],
            "ascent": -32768,
            "height": -170
        },
        {
            "type": "bitmap",
            "file": "dodgebolters:0.png",
            "chars": [
                ""
            ],
            "ascent": -32768,
            "height": -171
        },
        {
            "type": "bitmap",
            "file": "dodgebolters:0.png",
            "chars": [
                ""
            ],
            "ascent": -32768,
            "height": -172
        },
        {
            "type": "bitmap",
            "file": "dodgebolters:0.png",
            "chars": [
                ""
            ],
            "ascent": -32768,
            "height": -173
        },
        {
            "type": "bitmap",
            "file": "dodgebolters:0.png",
            "chars": [
                ""
            ],
            "ascent": -32768,
            "height": -174
        },
        {
            "type": "bitmap",
            "file": "dodgebolters:0.png",
            "chars": [
                ""
            ],
            "ascent": -32768,
            "height": -175
        },
        {
            "type": "bitmap",
            "file": "dodgebolters:0.png",
            "chars": [
                ""
            ],
            "ascent": -32768,
            "height": -176
        },
        {
            "type": "bitmap",
            "file": "dodgebolters:0.png",
            "chars": [
                ""
            ],
            "ascent": -32768,
            "height": -177
        },
        {
            "type": "bitmap",
            "file": "dodgebolters:0.png",
            "chars": [
                ""
            ],
            "ascent": -32768,
            "height": -178
        },
        {
            "type": "bitmap",
            "file": "dodgebolters:0.png",
            "chars": [
                ""
            ],
            "ascent": -32768,
            "height": -179
        },
        {
            "type": "bitmap",
            "file": "dodgebolters:0.png",
            "chars": [
                ""
            ],
            "ascent": -32768,
            "height": -180
        },
        {
            "type": "bitmap",
            "file": "dodgebolters:0.png",
            "chars": [
                ""
            ],
            "ascent": -32768,
            "height": -181
        },
        {
            "type": "bitmap",
            "file": "dodgebolters:0.png",
            "chars": [
                ""
            ],
            "ascent": -32768,
            "height": -182
        },
        {
            "type": "bitmap",
            "file": "dodgebolters:0.png",
            "chars": [
                ""
            ],
            "ascent": -32768,
            "height": -183
        },
        {
            "type": "bitmap",
            "file": "dodgebolters:0.png",
            "chars": [
                ""
            ],
            "ascent": -32768,
            "height": -184
        },
        {
            "type": "bitmap",
            "file": "dodgebolters:0.png",
            "chars": [
                ""
            ],
            "ascent": -32768,
            "height": -185
        },
        {
            "type": "bitmap",
            "file": "dodgebolters:0.png",
            "chars": [
                ""
            ],
            "ascent": -32768,
            "height": -186
        },
        {
            "type": "bitmap",
            "file": "dodgebolters:0.png",
            "chars": [
                ""
            ],
            "ascent": -32768,
            "height": -187
        },
        {
            "type": "bitmap",
            "file": "dodgebolters:0.png",
            "chars": [
                ""
            ],
            "ascent": -32768,
            "height": -188
        },
        {
            "type": "bitmap",
            "file": "dodgebolters:0.png",
            "chars": [
                ""
            ],
            "ascent": -32768,
            "height": -189
        },
        {
            "type": "bitmap",
            "file": "dodgebolters:0.png",
            "chars": [
                ""
            ],
            "ascent": -32768,
            "height": -190
        },
        {
            "type": "bitmap",
            "file": "dodgebolters:0.png",
            "chars": [
                ""
            ],
            "ascent": -32768,
            "height": -191
        },
        {
            "type": "bitmap",
            "file": "dodgebolters:0.png",
            "chars": [
                ""
            ],
            "ascent": -32768,
            "height": -192
        },
        {
            "type": "bitmap",
            "file": "dodgebolters:0.png",
            "chars": [
                ""
            ],
            "ascent": -32768,
            "height": -193
        },
        {
            "type": "bitmap",
            "file": "dodgebolters:0.png",
            "chars": [
                ""
            ],
            "ascent": -32768,
            "height": -194
        },
        {
            "type": "bitmap",
            "file": "dodgebolters:0.png",
            "chars": [
                ""
            ],
            "ascent": -32768,
            "height": -195
        },
        {
            "type": "bitmap",
            "file": "dodgebolters:0.png",
            "chars": [
                ""
            ],
            "ascent": -32768,
            "height": -196
        },
        {
            "type": "bitmap",
            "file": "dodgebolters:0.png",
            "chars": [
                ""
            ],
            "ascent": -32768,
            "height": -197
        },
        {
            "type": "bitmap",
            "file": "dodgebolters:0.png",
            "chars": [
                ""
            ],
            "ascent": -32768,
            "height": -198
        },
        {
            "type": "bitmap",
            "file": "dodgebolters:0.png",
            "chars": [
                ""
            ],
            "ascent": -32768,
            "height": -199
        },
        {
            "type": "bitmap",
            "file": "dodgebolters:0.png",
            "chars": [
                ""
            ],
            "ascent": -32768,
            "height": -200
        },
        {
            "type": "bitmap",
            "file": "dodgebolters:0.png",
            "chars": [
                ""
            ],
            "ascent": -32768,
            "height": -201
        },
        {
            "type": "bitmap",
            "file": "dodgebolters:0.png",
            "chars": [
                ""
            ],
            "ascent": -32768,
            "height": -202
        },
        {
            "type": "bitmap",
            "file": "dodgebolters:0.png",
            "chars": [
                ""
            ],
            "ascent": -32768,
            "height": -203
        },
        {
            "type": "bitmap",
            "file": "dodgebolters:0.png",
            "chars": [
                ""
            ],
            "ascent": -32768,
            "height": -204
        },
        {
            "type": "bitmap",
            "file": "dodgebolters:0.png",
            "chars": [
                ""
            ],
            "ascent": -32768,
            "height": -205
        },
        {
            "type": "bitmap",
            "file": "dodgebolters:0.png",
            "chars": [
                ""
            ],
            "ascent": -32768,
            "height": -206
        },
        {
            "type": "bitmap",
            "file": "dodgebolters:0.png",
            "chars": [
                ""
            ],
            "ascent": -32768,
            "height": -207
        },
        {
            "type": "bitmap",
            "file": "dodgebolters:0.png",
            "chars": [
                ""
            ],
            "ascent": -32768,
            "height": -208
        },
        {
            "type": "bitmap",
            "file": "dodgebolters:0.png",
            "chars": [
                ""
            ],
            "ascent": -32768,
            "height": -209
        },
        {
            "type": "bitmap",
            "file": "dodgebolters:0.png",
            "chars": [
                ""
            ],
            "ascent": -32768,
            "height": -210
        },
        {
            "type": "bitmap",
            "file": "dodgebolters:0.png",
            "chars": [
                ""
            ],
            "ascent": -32768,
            "height": -211
        },
        {
            "type": "bitmap",
            "file": "dodgebolters:0.png",
            "chars": [
                ""
            ],
            "ascent": -32768,
            "height": -212
        },
        {
            "type": "bitmap",
            "file": "dodgebolters:0.png",
            "chars": [
                ""
            ],
            "ascent": -32768,
            "height": -213
        },
        {
            "type": "bitmap",
            "file": "dodgebolters:0.png",
            "chars": [
                ""
            ],
            "ascent": -32768,
            "height": -214
        },
        {
            "type": "bitmap",
            "file": "dodgebolters:0.png",
            "chars": [
                ""
            ],
            "ascent": -32768,
            "height": -215
        },
        {
            "type": "bitmap",
            "file": "dodgebolters:0.png",
            "chars": [
                ""
            ],
            "ascent": -32768,
            "height": -216
        },
        {
            "type": "bitmap",
            "file": "dodgebolters:0.png",
            "chars": [
                ""
            ],
            "ascent": -32768,
            "height": -217
        },
        {
            "type": "bitmap",
            "file": "dodgebolters:0.png",
            "chars": [
                ""
            ],
            "ascent": -32768,
            "height": -218
        },
        {
            "type": "bitmap",
            "file": "dodgebolters:0.png",
            "chars": [
                ""
            ],
            "ascent": -32768,
            "height": -219
        },
        {
            "type": "bitmap",
            "file": "dodgebolters:0.png",
            "chars": [
                ""
            ],
            "ascent": -32768,
            "height": -220
        },
        {
            "type": "bitmap",
            "file": "dodgebolters:0.png",
            "chars": [
                ""
            ],
            "ascent": -32768,
            "height": -221
        },
        {
            "type": "bitmap",
            "file": "dodgebolters:0.png",
            "chars": [
                ""
            ],
            "ascent": -32768,
            "height": -222
        },
        {
            "type": "bitmap",
            "file": "dodgebolters:0.png",
            "chars": [
                ""
            ],
            "ascent": -32768,
            "height": -223
        },
        {
            "type": "bitmap",
            "file": "dodgebolters:0.png",
            "chars": [
                ""
            ],
            "ascent": -32768,
            "height": -224
        },
        {
            "type": "bitmap",
            "file": "dodgebolters:0.png",
            "chars": [
                ""
            ],
            "ascent": -32768,
            "height": -225
        },
        {
            "type": "bitmap",
            "file": "dodgebolters:0.png",
            "chars": [
                ""
            ],
            "ascent": -32768,
            "height": -226
        },
        {
            "type": "bitmap",
            "file": "dodgebolters:0.png",
            "chars": [
                ""
            ],
            "ascent": -32768,
            "height": -227
        },
        {
            "type": "bitmap",
            "file": "dodgebolters:0.png",
            "chars": [
                ""
            ],
            "ascent": -32768,
            "height": -228
        },
        {
            "type": "bitmap",
            "file": "dodgebolters:0.png",
            "chars": [
                ""
            ],
            "ascent": -32768,
            "height": -229
        },
        {
            "type": "bitmap",
            "file": "dodgebolters:0.png",
            "chars": [
                ""
            ],
            "ascent": -32768,
            "height": -230
        },
        {
            "type": "bitmap",
            "file": "dodgebolters:0.png",
            "chars": [
                ""
            ],
            "ascent": -32768,
            "height": -231
        },
        {
            "type": "bitmap",
            "file": "dodgebolters:0.png",
            "chars": [
                ""
            ],
            "ascent": -32768,
            "height": -232
        },
        {
            "type": "bitmap",
            "file": "dodgebolters:0.png",
            "chars": [
                ""
            ],
            "ascent": -32768,
            "height": -233
        },
        {
            "type": "bitmap",
            "file": "dodgebolters:0.png",
            "chars": [
                ""
            ],
            "ascent": -32768,
            "height": -234
        },
        {
            "type": "bitmap",
            "file": "dodgebolters:0.png",
            "chars": [
                ""
            ],
            "ascent": -32768,
            "height": -235
        },
        {
            "type": "bitmap",
            "file": "dodgebolters:0.png",
            "chars": [
                ""
            ],
            "ascent": -32768,
            "height": -236
        },
        {
            "type": "bitmap",
            "file": "dodgebolters:0.png",
            "chars": [
                ""
            ],
            "ascent": -32768,
            "height": -237
        },
        {
            "type": "bitmap",
            "file": "dodgebolters:0.png",
            "chars": [
                ""
            ],
            "ascent": -32768,
            "height": -238
        },
        {
            "type": "bitmap",
            "file": "dodgebolters:0.png",
            "chars": [
                ""
            ],
            "ascent": -32768,
            "height": -239
        },
        {
            "type": "bitmap",
            "file": "dodgebolters:0.png",
            "chars": [
                ""
            ],
            "ascent": -32768,
            "height": -240
        },
        {
            "type": "bitmap",
            "file": "dodgebolters:0.png",
            "chars": [
                ""
            ],
            "ascent": -32768,
            "height": -241
        },
        {
            "type": "bitmap",
            "file": "dodgebolters:0.png",
            "chars": [
                ""
            ],
            "ascent": -32768,
            "height": -242
        },
        {
            "type": "bitmap",
            "file": "dodgebolters:0.png",
            "chars": [
                ""
            ],
            "ascent": -32768,
            "height": -243
        },
        {
            "type": "bitmap",
            "file": "dodgebolters:0.png",
            "chars": [
                ""
            ],
            "ascent": -32768,
            "height": -244
        },
        {
            "type": "bitmap",
            "file": "dodgebolters:0.png",
            "chars": [
                ""
            ],
            "ascent": -32768,
            "height": -245
        },
        {
            "type": "bitmap",
            "file": "dodgebolters:0.png",
            "chars": [
                ""
            ],
            "ascent": -32768,
            "height": -246
        },
        {
            "type": "bitmap",
            "file": "dodgebolters:0.png",
            "chars": [
                ""
            ],
            "ascent": -32768,
            "height": -247
        },
        {
            "type": "bitmap",
            "file": "dodgebolters:0.png",
            "chars": [
                ""
            ],
            "ascent": -32768,
            "height": -248
        },
        {
            "type": "bitmap",
            "file": "dodgebolters:0.png",
            "chars": [
                ""
            ],
            "ascent": -32768,
            "height": -249
        },
        {
            "type": "bitmap",
            "file": "dodgebolters:0.png",
            "chars": [
                ""
            ],
            "ascent": -32768,
            "height": -250
        },
        {
            "type": "bitmap",
            "file": "dodgebolters:0.png",
            "chars": [
                ""
            ],
            "ascent": -32768,
            "height": -251
        },
        {
            "type": "bitmap",
            "file": "dodgebolters:0.png",
            "chars": [
                ""
            ],
            "ascent": -32768,
            "height": -252
        },
        {
            "type": "bitmap",
            "file": "dodgebolters:0.png",
            "chars": [
                ""
            ],
            "ascent": -32768,
            "height": -253
        },
        {
            "type": "bitmap",
            "file": "dodgebolters:0.png",
            "chars": [
                ""
            ],
            "ascent": -32768,
            "height": -254
        },
        {
            "type": "bitmap",
            "file": "dodgebolters:0.png",
            "chars": [
                ""
            ],
            "ascent": -32768,
            "height": -255
        },
        {
            "type": "bitmap",
            "file": "dodgebolters:0.png",
            "chars": [
                ""
            ],
            "ascent": -32768,
            "height": -256
        },
        {
            "type": "bitmap",
            "file": "dodgebolters:0.png",
            "chars": [
                ""
            ],
            "ascent": -32768,
            "height": -257
        },
        {
            "type": "bitmap",
            "file": "dodgebolters:0.png",
            "chars": [
                ""
            ],
            "ascent": -32768,
            "height": -258
        }
    ]
}