{
    "providers": [
        {
            "type": "space",
            "advances": {
                " ": 4
            }
        },
        {
            "type": "ttf",
            "file": "dodgebolters:small.ttf",
            "shift": [
                0.0,
                -15.0
            ],
            "size": 7,
            "oversample": 4
        },
        {
            "type": "ttf",
            "file": "dodgebolters:small.ttf",
            "shift": [
                0.0,
                -5.25
            ],
            "size": 7,
            "oversample": 4
        }
    ]
}