{
    "providers": [
        {
            "type": "space",
            "advances": {
                " ": 4,
                "‌": 0
            }
        },
        {
            "type": "bitmap",
            "file": "_fonts/commands.png",
            "chars": [
                ""
            ],
            "ascent": 71,
            "height": 320
        },
        {
            "type": "bitmap",
            "file": "_fonts/menu_button.png",
            "chars": [
                ""
            ],
            "ascent": 7,
            "height": 8
        },
        {
            "type": "bitmap",
            "file": "_fonts/menu_footer.png",
            "chars": [
                ""
            ],
            "ascent": 7,
            "height": 108
        },
        {
            "type": "bitmap",
            "file": "_fonts/menu_header.png",
            "chars": [
                ""
            ],
            "ascent": 89,
            "height": 90
        }
    ]
}