{
    "textures": {
        "texture": "dodgebolters:item/general/toggles/toggle_on",
        "particle": "dodgebolters:item/general/toggles/toggle_on"
    },
    "elements": [
        {
            "from": [
                0.0,
                0.0,
                15.9375
            ],
            "to": [
                32.0,
                32.0,
                16.0
            ],
            "faces": {
                "north": {
                    "uv": [
                        0.0,
                        0.0,
                        16.0,
                        16.0
                    ],
                    "texture": "#texture"
                },
                "south": {
                    "uv": [
                        0.0,
                        0.0,
                        16.0,
                        16.0
                    ],
                    "texture": "#texture"
                }
            }
        }
    ],
    "display": {
        "firstperson_lefthand": {
            "scale": [
                0.0001,
                0.0001,
                0.0001
            ]
        },
        "gui": {
            "translation": [
                -34.0,
                -16.0,
                0.0
            ]
        }
    },
    "credit": "Made with Blockbench",
    "gui_light": "front"
}