{
	"format_version": "1.21.6",
	"credit": "Made with Blockbench",
	"textures": {
		"badge": "dodgebolters:item/achievements/the_one_who_made_this_mess",
		"particle": "dodgebolters:item/achievements/parent/border",
		"border": "dodgebolters:item/achievements/parent/border"
	},
	"elements": [
		{
			"from": [0, 0, 0],
			"to": [16, 16, 0],
			"rotation": {"angle": 0, "axis": "y", "origin": [8, 8, -0.125]},
			"faces": {
				"north": {"uv": [0, 0, 16, 16], "texture": "#badge"},
				"south": {"uv": [16, 0, 0, 16], "texture": "#badge"}
			}
		},
		{
			"from": [0, 0, -0.25],
			"to": [16, 16, -0.25],
			"rotation": {"angle": 0, "axis": "y", "origin": [8, 8, -0.125]},
			"faces": {
				"north": {"uv": [0, 0, 16, 16], "texture": "#border", "tintindex": 0},
				"south": {"uv": [0, 0, 16, 16], "texture": "#border", "tintindex": 0}
			}
		}
	],
	"gui_light": "front",
	"display": {
		"thirdperson_righthand": {
			"scale": [0, 0, 0]
		},
		"thirdperson_lefthand": {
			"scale": [0, 0, 0]
		},
		"firstperson_righthand": {
			"scale": [0, 0, 0]
		},
		"firstperson_lefthand": {
			"scale": [0, 0, 0]
		},
		"ground": {
			"scale": [0, 0, 0]
		},
		"gui": {
			"rotation": [0, -180, 0]
		},
		"head": {
			"scale": [0, 0, 0]
		},
		"fixed": {
			"scale": [0, 0, 0]
		}
	}
}