{
  "model":{
    "type": "minecraft:range_dispatch",
    "property": "minecraft:custom_model_data",
    "entries": [
      {
        "threshold": 1.0,
        "model": {
          "type": "minecraft:model",
          "model": "dodgebolters:item/general/blank"
        }
      },
      {
        "threshold": 2.0,
        "model": {
          "type": "minecraft:model",
          "model": "dodgebolters:item/general/toggle_on"
        }
      },
      {
        "threshold": 3.0,
        "model": {
          "type": "minecraft:model",
          "model": "dodgebolters:item/general/toggle_off"
        }
      },
      {
        "threshold": 4.0,
        "model": {
          "type": "minecraft:select",
          "cases": [
            {
              "model": {
                "type": "minecraft:model",
                "model": "dodgebolters:item/general/achievements_icon"
              },
              "when": [
                "gui",
                "ground",
                "fixed"
              ]
            }
          ],
          "fallback": {
            "type": "minecraft:model",
            "model": "dodgebolters:item/inventory/achievements_item"
          },
          "property": "minecraft:display_context"
        }
      },
      {
        "threshold": 5.0,
        "model": {
          "type": "minecraft:select",
          "cases": [
            {
              "model": {
                "type": "minecraft:model",
                "model": "dodgebolters:item/general/settings_icon"
              },
              "when": [
                "gui",
                "ground",
                "fixed"
              ]
            }
          ],
          "fallback": {
            "type": "minecraft:model",
            "model": "dodgebolters:item/inventory/settings_item"
          },
          "property": "minecraft:display_context"
        }
      },
      {
        "threshold": 6.0,
        "model": {
          "type": "minecraft:select",
          "cases": [
            {
              "model": {
                "type": "minecraft:model",
                "model": "dodgebolters:item/general/profile_icon"
              },
              "when": [
                "gui",
                "ground",
                "fixed"
              ]
            }
          ],
          "fallback": {
            "type": "minecraft:model",
            "model": "dodgebolters:item/inventory/profile_item"
          },
          "property": "minecraft:display_context"
        }
      },
      {
        "threshold": 7.0,
        "model": {
          "type": "minecraft:select",
          "cases": [
            {
              "model": {
                "type": "minecraft:model",
                "model": "dodgebolters:item/general/achievements_icon_flash"
              },
              "when": [
                "gui",
                "ground",
                "fixed"
              ]
            }
          ],
          "fallback": {
            "type": "minecraft:model",
            "model": "dodgebolters:item/inventory/achievements_item_flash"
          },
          "property": "minecraft:display_context"
        }
      },
      {
        "threshold": 8.0,
        "model": {
          "type": "minecraft:select",
          "cases": [
            {
              "model": {
                "type": "minecraft:model",
                "model": "dodgebolters:item/general/settings_icon_flash"
              },
              "when": [
                "gui",
                "ground",
                "fixed"
              ]
            }
          ],
          "fallback": {
            "type": "minecraft:model",
            "model": "dodgebolters:item/inventory/settings_item_flash"
          },
          "property": "minecraft:display_context"
        }
      },
      {
        "threshold": 9.0,
        "model": {
          "type": "minecraft:select",
          "cases": [
            {
              "model": {
                "type": "minecraft:model",
                "model": "dodgebolters:item/general/profile_icon_flash"
              },
              "when": [
                "gui",
                "ground",
                "fixed"
              ]
            }
          ],
          "fallback": {
            "type": "minecraft:model",
            "model": "dodgebolters:item/inventory/profile_item_flash"
          },
          "property": "minecraft:display_context"
        }
      },
      {
        "threshold": 10.0,
        "model": {
          "type": "minecraft:model",
          "model": "dodgebolters:item/achievements/general/unclaimed"
        }
      },
      {
        "threshold": 11.0,
        "model": {
          "type": "minecraft:model",
          "model": "dodgebolters:item/general/leave_plot"
        }
      },
      {
        "threshold": 12,
        "model": {
          "type": "minecraft:model",
          "model": "dodgebolters:item/general/buttons/confirm"
        }
      },
      {
        "threshold": 13.0,
        "model": {
          "type": "minecraft:model",
          "model": "dodgebolters:item/general/buttons/confirm_pressed"
        }
      },
      {
        "threshold": 14.0,
        "model": {
          "type": "minecraft:model",
          "model": "dodgebolters:item/general/buttons/confirm_gray"
        }
      },
      {
        "threshold": 15.0,
        "model": {
          "type": "minecraft:model",
          "model": "dodgebolters:item/general/achievement_locked"
        }
      },
      {
        "threshold": 16.0,
        "model": {
          "type": "minecraft:model",
          "model": "dodgebolters:item/general/achievements_icon"
        }
      },
      {
        "threshold": 17.0,
        "model": {
          "type": "minecraft:model",
          "model": "dodgebolters:item/general/profile_icon"
        }
      },
      {
        "threshold": 18.0,
        "model": {
          "type": "minecraft:model",
          "model": "dodgebolters:item/general/settings_icon"
        }
      },
      {
        "threshold": 19.0,
        "model": {
          "type": "minecraft:model",
          "model": "dodgebolters:item/general/arrow_up"
        }
      },
      {
        "threshold": 20.0,
        "model": {
          "type": "minecraft:model",
          "model": "dodgebolters:item/general/arrow_down"
        }
      },
      {
        "threshold": 21.0,
        "model": {
          "type": "minecraft:model",
          "model": "dodgebolters:item/general/arrow_left"
        }
      },
      {
        "threshold": 22.0,
        "model": {
          "type": "minecraft:model",
          "model": "dodgebolters:item/general/arrow_right"
        }
      },
      {
        "threshold": 23.0,
        "model": {
          "type": "minecraft:model",
          "model": "dodgebolters:item/general/locked"
        }
      },
      {
        "threshold": 24.0,
        "model": {
          "type": "minecraft:model",
          "model": "dodgebolters:item/ranks/moderator"
        }
      },
      {
        "threshold": 25.0,
        "model": {
          "type": "minecraft:model",
          "model": "dodgebolters:item/ranks/owner"
        }
      },
      {
        "threshold": 26.0,
        "model": {
          "type": "minecraft:model",
          "model": "dodgebolters:item/ranks/developer"
        }
      },
      {
        "threshold": 27.0,
        "model": {
          "type": "minecraft:model",
          "model": "dodgebolters:item/ranks/tester"
        }
      },
      {
        "threshold": 28.0,
        "model": {
          "type": "minecraft:model",
          "model": "dodgebolters:item/ranks/player"
        }
      },
      {
        "threshold": 29.0,
        "model": {
          "type": "minecraft:model",
          "model": "dodgebolters:item/ranks/artist"
        }
      },
      {
        "threshold": 30.0,
        "model": {
          "type": "minecraft:model",
          "model": "dodgebolters:item/general/info"
        }
      },
      {
        "threshold": 31.0,
        "model": {
          "type": "minecraft:model",
          "model": "dodgebolters:item/general/credits_icon"
        }
      },
      {
        "threshold": 32.0,
        "model": {
          "type": "minecraft:model",
          "model": "dodgebolters:item/general/patch_notes_icon"
        }
      },
      {
        "threshold": 33.0,
        "model": {
          "type": "minecraft:model",
          "model": "dodgebolters:item/general/commands_icon"
        }
      }
    ],
    "fallback": {
      "type": "minecraft:model",
      "model": "item/echo_shard"	
    }
  },
  "oversized_in_gui": true
}