{
  "model":{
    "type": "minecraft:range_dispatch",
    "property": "minecraft:custom_model_data",
    "entries": [
      {
        "threshold": 1.0,
        "model": {
          "type": "minecraft:model",
          "model": "dodgebolters:item/cosmetics/accessories/tome_of_darkness",
          "tints": [
              {
                "type": "minecraft:firework",
                "default": 16731726
              }
           ]
        }
      },
      {
        "threshold": 2.0,
        "model": {
          "type": "minecraft:model",
          "model": "dodgebolters:item/cosmetics/accessories/expendables_lantern",
          "tints": [
              {
                "type": "minecraft:firework",
                "default": 16776674
              }
           ]
        }
      },
      {
        "threshold": 3.0,
        "model": {
          "type": "minecraft:model",
          "model": "dodgebolters:item/cosmetics/accessories/moon_staff",
          "tints": [
              {
                "type": "minecraft:firework",
                "default": 12713979
              }
           ]
        }
      }
    ],
    "fallback": {
      "type": "minecraft:model",
      "model": "item/firework_star",
      "tints": [
              {
                "type": "minecraft:constant",
                "value": -1
              },
              {
                "type": "minecraft:firework",
                "default": -7697782
              }
         ]
    }
  },
  "oversized_in_gui": true
}