{
  "model":{
    "type": "minecraft:range_dispatch",
    "property": "minecraft:custom_model_data",
    "entries": [
      {
        "threshold": 1.0,
        "model": {
          "type": "minecraft:model",
          "model": "dodgebolters:item/achievements/the_one_who_made_this_mess",
          "tints": [
              {
                "type": "minecraft:dye",
                "default": -6265536
              }
           ]
        }
      },
      {
        "threshold": 2.0,
        "model": {
          "type": "minecraft:model",
          "model": "dodgebolters:item/achievements/closed_beta_tester",
          "tints": [
              {
                "type": "minecraft:dye",
                "default": -6265536
              }
           ]
        }
      },
      {
        "threshold": 3.0,
        "model": {
          "type": "minecraft:model",
          "model": "dodgebolters:item/achievements/open_beta_tester",
          "tints": [
              {
                "type": "minecraft:dye",
                "default": -6265536
              }
           ]
        }
      },
      {
        "threshold": 4.0,
        "model": {
          "type": "minecraft:model",
          "model": "dodgebolters:item/achievements/hurry_up",
          "tints": [
              {
                "type": "minecraft:dye",
                "default": -6265536
              }
           ]
        }
      },
      {
        "threshold": 5.0,
        "model": {
          "type": "minecraft:model",
          "model": "dodgebolters:item/achievements/universally_hated",
          "tints": [
              {
                "type": "minecraft:dye",
                "default": -6265536
              }
           ]
        }
      },
      {
        "threshold": 6.0,
        "model": {
          "type": "minecraft:model",
          "model": "dodgebolters:item/achievements/plot_armour",
          "tints": [
              {
                "type": "minecraft:dye",
                "default": -6265536
              }
           ]
        }
      },
      {
        "threshold": 7.0,
        "model": {
          "type": "minecraft:model",
          "model": "dodgebolters:item/achievements/flipped_the_script",
          "tints": [
              {
                "type": "minecraft:dye",
                "default": -6265536
              }
           ]
        }
      },
      {
        "threshold": 8.0,
        "model": {
          "type": "minecraft:model",
          "model": "dodgebolters:item/achievements/you_seem_familiar",
          "tints": [
              {
                "type": "minecraft:dye",
                "default": -6265536
              }
           ]
        }
      },
      {
        "threshold": 9.0,
        "model": {
          "type": "minecraft:model",
          "model": "dodgebolters:item/achievements/one_of_many",
          "tints": [
              {
                "type": "minecraft:dye",
                "default": -6265536
              }
           ]
        }
      },
      {
        "threshold": 10.0,
        "model": {
          "type": "minecraft:model",
          "model": "dodgebolters:item/achievements/ten_of_many",
          "tints": [
              {
                "type": "minecraft:dye",
                "default": -6265536
              }
           ]
        }
      },
      {
        "threshold": 11.0,
        "model": {
          "type": "minecraft:model",
          "model": "dodgebolters:item/achievements/hundred_of_many",
          "tints": [
              {
                "type": "minecraft:dye",
                "default": -6265536
              }
           ]
        }
      },
      {
        "threshold": 12.0,
        "model": {
          "type": "minecraft:model",
          "model": "dodgebolters:item/achievements/thousand_of_many",
          "tints": [
              {
                "type": "minecraft:dye",
                "default": -6265536
              }
           ]
        }
      },
      {
        "threshold": 13.0,
        "model": {
          "type": "minecraft:model",
          "model": "dodgebolters:item/achievements/talkative",
          "tints": [
              {
                "type": "minecraft:dye",
                "default": -6265536
              }
           ]
        }
      },
      {
        "threshold": 14.0,
        "model": {
          "type": "minecraft:model",
          "model": "dodgebolters:item/achievements/for_the_quag",
          "tints": [
              {
                "type": "minecraft:dye",
                "default": -6265536
              }
           ]
        }
      },
      {
        "threshold": 15.0,
        "model": {
          "type": "minecraft:model",
          "model": "dodgebolters:item/achievements/speedy_slurps",
          "tints": [
              {
                "type": "minecraft:dye",
                "default": -6265536
              }
           ]
        }
      },
      {
        "threshold": 16.0,
        "model": {
          "type": "minecraft:model",
          "model": "dodgebolters:item/achievements/disoriented",
          "tints": [
              {
                "type": "minecraft:dye",
                "default": -6265536
              }
           ]
        }
      },
      {
        "threshold": 17.0,
        "model": {
          "type": "minecraft:model",
          "model": "dodgebolters:item/achievements/aced_it",
          "tints": [
              {
                "type": "minecraft:dye",
                "default": -6265536
              }
           ]
        }
      },
      {
        "threshold": 18.0,
        "model": {
          "type": "minecraft:model",
          "model": "dodgebolters:item/achievements/the_golden_slushy",
          "tints": [
              {
                "type": "minecraft:dye",
                "default": -6265536
              }
           ]
        }
      },
      {
        "threshold": 19.0,
        "model": {
          "type": "minecraft:model",
          "model": "dodgebolters:item/achievements/decisions_decisions",
          "tints": [
              {
                "type": "minecraft:dye",
                "default": -6265536
              }
           ]
        }
      },
      {
        "threshold": 1000.0,
        "model": {
          "type": "minecraft:model",
          "model": "dodgebolters:item/general/slushy",
          "tints": [
              {
                "type": "minecraft:dye",
                "default": -6265536
              }
           ]
        }
      }
    ],
    "fallback": {
      "type": "minecraft:model",
      "model": "item/leather_horse_armor",
      "tints": [
              {
                "type": "minecraft:dye",
                "default": -6265536
              }
         ]
    }
  },
  "oversized_in_gui": true
}