{
  "model":{
    "type": "minecraft:range_dispatch",
    "property": "minecraft:custom_model_data",
    "entries": [
      {
        "threshold": 1.0,
        "model": {
          "type": "minecraft:model",
          "model": "dodgebolters:item/select/select_1"
        }
      },
      {
        "threshold": 2.0,
        "model": {
          "type": "minecraft:model",
          "model": "dodgebolters:item/select/select_2"
        }
      },
      {
        "threshold": 3.0,
        "model": {
          "type": "minecraft:model",
          "model": "dodgebolters:item/select/select_3"
        }
      },
      {
        "threshold": 4.0,
        "model": {
          "type": "minecraft:model",
          "model": "dodgebolters:item/select/select_4"
        }
      },
      {
        "threshold": 5.0,
        "model": {
          "type": "minecraft:model",
          "model": "dodgebolters:item/select/select_5"
        }
      },
      {
        "threshold": 6.0,
        "model": {
          "type": "minecraft:model",
          "model": "dodgebolters:item/select/select_6"
        }
      },
      {
        "threshold": 7.0,
        "model": {
          "type": "minecraft:model",
          "model": "dodgebolters:item/select/select_7"
        }
      }
    ],
    "fallback": {
      "type": "minecraft:model",
      "model": "item/music_disc_5"	
    }
  },
  "oversized_in_gui": true
}
