{
	"format_version": "1.21.6",
	"credit": "Made with Blockbench",
	"texture_size": [64, 64],
	"textures": {
		"2": "dodgebolters:item/cosmetics/accessories/expendables_lantern/expendables_lantern",
		"particle": "dodgebolters:item/cosmetics/accessories/expendables_lantern/expendables_lantern"
	},
	"elements": [
		{
			"from": [5, 2, 5],
			"to": [11, 11, 11],
			"rotation": {"angle": 0, "axis": "y", "origin": [7, 2, 7]},
			"faces": {
				"north": {"uv": [0, 4, 1.5, 6.25], "texture": "#2"},
				"east": {"uv": [4, 0, 5.5, 2.25], "texture": "#2"},
				"south": {"uv": [1.5, 4, 3, 6.25], "texture": "#2"},
				"west": {"uv": [4, 2.25, 5.5, 4.5], "texture": "#2"},
				"up": {"uv": [4.5, 6, 3, 4.5], "texture": "#2"},
				"down": {"uv": [6, 4.5, 4.5, 6], "texture": "#2"}
			}
		},
		{
			"from": [11, 11, 11],
			"to": [5, 2, 5],
			"rotation": {"angle": 0, "axis": "y", "origin": [13, 11, 13]},
			"faces": {
				"north": {"uv": [0, 4, 1.5, 6.25], "texture": "#2"},
				"east": {"uv": [4, 0, 5.5, 2.25], "texture": "#2"},
				"south": {"uv": [1.5, 4, 3, 6.25], "texture": "#2"},
				"west": {"uv": [4, 2.25, 5.5, 4.5], "texture": "#2"},
				"up": {"uv": [4.5, 6, 3, 4.5], "texture": "#2"},
				"down": {"uv": [6, 4.5, 4.5, 6], "texture": "#2"}
			}
		},
		{
			"from": [7, 2, 7],
			"to": [9, 11, 9],
			"rotation": {"angle": 0, "axis": "y", "origin": [7, 2, 7]},
			"faces": {
				"north": {"uv": [5.5, 0, 6, 2.25], "texture": "#2", "tintindex": 0},
				"east": {"uv": [5.5, 2.25, 6, 4.5], "texture": "#2", "tintindex": 0},
				"south": {"uv": [6, 0, 6.5, 2.25], "texture": "#2", "tintindex": 0},
				"west": {"uv": [6, 2.25, 6.5, 4.5], "texture": "#2", "tintindex": 0},
				"up": {"uv": [4.25, 7, 3.75, 6.5], "texture": "#2", "tintindex": 0},
				"down": {"uv": [7, 3.75, 6.5, 4.25], "texture": "#2", "tintindex": 0}
			}
		},
		{
			"from": [4, 0, 4],
			"to": [12, 2, 12],
			"rotation": {"angle": 0, "axis": "y", "origin": [7, 0, 7]},
			"faces": {
				"north": {"uv": [6, 5.5, 8, 6], "texture": "#2"},
				"east": {"uv": [0, 6.25, 2, 6.75], "texture": "#2"},
				"south": {"uv": [6.5, 0, 8.5, 0.5], "texture": "#2"},
				"west": {"uv": [6.5, 0.5, 8.5, 1], "texture": "#2"},
				"up": {"uv": [4, 2, 2, 0], "texture": "#2"},
				"down": {"uv": [4, 2, 2, 4], "texture": "#2"}
			}
		},
		{
			"from": [4, 11, 4],
			"to": [12, 13, 12],
			"rotation": {"angle": 0, "axis": "y", "origin": [7, 11, 7]},
			"faces": {
				"north": {"uv": [3, 6, 5, 6.5], "texture": "#2"},
				"east": {"uv": [6, 4.5, 8, 5], "texture": "#2"},
				"south": {"uv": [5, 6, 7, 6.5], "texture": "#2"},
				"west": {"uv": [6, 5, 8, 5.5], "texture": "#2"},
				"up": {"uv": [2, 2, 0, 0], "texture": "#2"},
				"down": {"uv": [2, 2, 0, 4], "texture": "#2"}
			}
		},
		{
			"from": [6, 13, 7.5],
			"to": [10, 15, 8.5],
			"rotation": {"angle": 0, "axis": "y", "origin": [7, 13, 7.5]},
			"faces": {
				"north": {"uv": [3, 4, 4, 4.5], "texture": "#2"},
				"east": {"uv": [1.5, 6.75, 1.75, 7.25], "texture": "#2"},
				"south": {"uv": [2.75, 6.5, 3.75, 7], "texture": "#2"},
				"west": {"uv": [1.75, 6.75, 2, 7.25], "texture": "#2"},
				"up": {"uv": [7.5, 3.5, 6.5, 3.25], "texture": "#2"},
				"down": {"uv": [7.5, 3.5, 6.5, 3.75], "texture": "#2"}
			}
		},
		{
			"from": [6.7, 2, 6.7],
			"to": [9.3, 2.7, 9.3],
			"rotation": {"angle": 0, "axis": "y", "origin": [7, 1, 7]},
			"faces": {
				"north": {"uv": [6.5, 6.5, 7.25, 6.75], "texture": "#2"},
				"east": {"uv": [0, 6.75, 0.75, 7], "texture": "#2"},
				"south": {"uv": [0.75, 6.75, 1.5, 7], "texture": "#2"},
				"west": {"uv": [4.25, 6.75, 5, 7], "texture": "#2"},
				"up": {"uv": [7.25, 2.5, 6.5, 1.75], "texture": "#2"},
				"down": {"uv": [7.25, 2.5, 6.5, 3.25], "texture": "#2"}
			}
		},
		{
			"from": [6.7, 10.3, 6.7],
			"to": [9.3, 11, 9.3],
			"rotation": {"angle": 0, "axis": "y", "origin": [7, 9, 7]},
			"faces": {
				"north": {"uv": [4.25, 6.5, 5, 6.75], "texture": "#2"},
				"east": {"uv": [6.5, 4.25, 7.25, 4.5], "texture": "#2"},
				"south": {"uv": [5, 6.5, 5.75, 6.75], "texture": "#2"},
				"west": {"uv": [5.75, 6.5, 6.5, 6.75], "texture": "#2"},
				"up": {"uv": [2.75, 7, 2, 6.25], "texture": "#2"},
				"down": {"uv": [7.25, 1, 6.5, 1.75], "texture": "#2"}
			}
		}
	],
	"gui_light": "front",
	"display": {
		"thirdperson_righthand": {
			"rotation": [78, 0, 0],
			"translation": [0, -2.5, -3.75],
			"scale": [0.6, 0.6, 0.6]
		},
		"thirdperson_lefthand": {
			"rotation": [78, 0, 0],
			"translation": [0, -2.5, -3.75],
			"scale": [0.6, 0.6, 0.6]
		},
		"firstperson_righthand": {
			"rotation": [-5, -45, -8],
			"translation": [3.25, 4, 0],
			"scale": [0.5, 0.5, 0.5]
		},
		"firstperson_lefthand": {
			"rotation": [-5, -45, -8],
			"translation": [3.25, 4, 0],
			"scale": [0.5, 0.5, 0.5]
		},
		"gui": {
			"rotation": [-15, 24, 8],
			"translation": [0, 0.75, 0],
			"scale": [0.9, 0.9, 0.9]
		}
	}
}