{
	"format_version": "1.9.0",
	"credit": "Made with Blockbench",
	"texture_size": [64, 64],
	"textures": {
		"0": "dodgebolters:item/supporter_flags/blue/none",
		"particle": "dodgebolters:item/supporter_flags/blue/none"
	},
	"elements": [
		{
			"from": [7, -7, 7],
			"to": [9, 23, 9],
			"rotation": {"angle": 0, "axis": "y", "origin": [9, 18, 6.875]},
			"faces": {
				"north": {"uv": [4.25, 0, 4.75, 7.5], "texture": "#0"},
				"east": {"uv": [4.75, 0, 5.25, 7.5], "texture": "#0"},
				"south": {"uv": [5.25, 0, 5.75, 7.5], "texture": "#0"},
				"west": {"uv": [5.75, 0, 6.25, 7.5], "texture": "#0"},
				"up": {"uv": [6.75, 5.25, 6.25, 4.75], "texture": "#0"},
				"down": {"uv": [6.75, 5.25, 6.25, 5.75], "texture": "#0"}
			}
		},
		{
			"from": [6.7, 21.7, 6.7],
			"to": [9.3, 23.3, 9.3],
			"rotation": {"angle": 0, "axis": "y", "origin": [9, 18, 6.875]},
			"faces": {
				"north": {"uv": [6.25, 0.75, 7, 1.25], "texture": "#0"},
				"east": {"uv": [6.25, 1.25, 7, 1.75], "texture": "#0"},
				"south": {"uv": [6.25, 1.75, 7, 2.25], "texture": "#0"},
				"west": {"uv": [6.25, 2.25, 7, 2.75], "texture": "#0"},
				"up": {"uv": [2.75, 6.75, 2, 6], "texture": "#0"},
				"down": {"uv": [3.5, 6, 2.75, 6.75], "texture": "#0"}
			}
		},
		{
			"from": [6.7, -8.3, 6.7],
			"to": [9.3, -6.7, 9.3],
			"rotation": {"angle": 0, "axis": "y", "origin": [9, -2, 6.875]},
			"faces": {
				"north": {"uv": [6.25, 2.75, 7, 3.25], "texture": "#0"},
				"east": {"uv": [6.25, 3.25, 7, 3.75], "texture": "#0"},
				"south": {"uv": [6.25, 3.75, 7, 4.25], "texture": "#0"},
				"west": {"uv": [6.25, 4.25, 7, 4.75], "texture": "#0"},
				"up": {"uv": [4.25, 6.75, 3.5, 6], "texture": "#0"},
				"down": {"uv": [7, 0, 6.25, 0.75], "texture": "#0"}
			}
		},
		{
			"from": [6.8, -6.2, 6.8],
			"to": [9.2, 5.2, 9.2],
			"rotation": {"angle": 0, "axis": "y", "origin": [9, 18, 6.875]},
			"faces": {
				"north": {"uv": [0, 6, 0.5, 8.75], "texture": "#0"},
				"east": {"uv": [0.5, 6, 1, 8.75], "texture": "#0"},
				"south": {"uv": [1, 6, 1.5, 8.75], "texture": "#0"},
				"west": {"uv": [1.5, 6, 2, 8.75], "texture": "#0"}
			}
		},
		{
			"name": "flag",
			"from": [-9, 10, 8],
			"to": [8, 22, 8],
			"rotation": {"angle": 0, "axis": "y", "origin": [8.5, 18, 7.375]},
			"faces": {
				"north": {"uv": [0, 0, 4.25, 3], "texture": "#0"},
				"south": {"uv": [0, 3, 4.25, 6], "texture": "#0"}
			}
		}
	],
	"gui_light": "front",
	"display": {
		"thirdperson_righthand": {
			"rotation": [-115.29, -51.72, -158.3],
			"translation": [2, 5.75, 6.5],
			"scale": [0.8, 0.8, 0.8]
		},
		"thirdperson_lefthand": {
			"rotation": [74.24, 49.66, -26.75],
			"translation": [2, 5.75, 6.5],
			"scale": [0.8, 0.8, 0.8]
		},
		"firstperson_righthand": {
			"rotation": [0.53, -75.64, -12.13],
			"translation": [11.75, 1, -6],
			"scale": [0.53906, 0.53906, 0.53906]
		},
		"firstperson_lefthand": {
			"rotation": [-123.88, 81.22, 141.95],
			"translation": [11.75, 1, -6],
			"scale": [0.53906, 0.53906, 0.53906]
		},
		"gui": {
			"rotation": [-177.39, 0.63, 156],
			"translation": [-1.75, -1, 0],
			"scale": [0.44, 0.44, 0.44]
		}
	}
}