{
	"format_version": "1.9.0",
	"credit": "Made with Blockbench",
	"texture_size": [64, 64],
	"textures": {
		"0": "dodgebolters:item/inventory/achievements_item",
		"1": "dodgebolters:item/inventory/achievements_item_outline_flash",
		"particle": "dodgebolters:item/inventory/achievements_item"
	},
	"elements": [
		{
			"from": [4, 0, 4],
			"to": [12, 2, 12],
			"rotation": {"angle": 0, "axis": "y", "origin": [7, 0, 7]},
			"faces": {
				"north": {"uv": [6, 5.5, 8, 6], "texture": "#0"},
				"east": {"uv": [6, 6, 8, 6.5], "texture": "#0"},
				"south": {"uv": [6.5, 0, 8.5, 0.5], "texture": "#0"},
				"west": {"uv": [6.5, 0.5, 8.5, 1], "texture": "#0"},
				"up": {"uv": [4.5, 6, 2.5, 4], "texture": "#0"},
				"down": {"uv": [6.5, 0, 4.5, 2], "texture": "#0"}
			}
		},
		{
			"from": [6, 2, 6],
			"to": [10, 3, 10],
			"rotation": {"angle": 0, "axis": "y", "origin": [7, 2, 7]},
			"faces": {
				"north": {"uv": [6.5, 6.5, 7.5, 6.75], "texture": "#0"},
				"east": {"uv": [6.5, 6.75, 7.5, 7], "texture": "#0"},
				"south": {"uv": [3, 7, 4, 7.25], "texture": "#0"},
				"west": {"uv": [6.5, 7, 7.5, 7.25], "texture": "#0"},
				"up": {"uv": [2.5, 6, 1.5, 5], "texture": "#0"},
				"down": {"uv": [4, 6, 3, 7], "texture": "#0"}
			}
		},
		{
			"from": [5, 3, 5],
			"to": [11, 9, 11],
			"rotation": {"angle": 0, "axis": "y", "origin": [7, 3, 7]},
			"faces": {
				"north": {"uv": [4.5, 2, 6, 3.5], "texture": "#0"},
				"east": {"uv": [4.5, 3.5, 6, 5], "texture": "#0"},
				"south": {"uv": [0, 5, 1.5, 6.5], "texture": "#0"},
				"west": {"uv": [4.5, 5, 6, 6.5], "texture": "#0"},
				"up": {"uv": [3, 7.5, 1.5, 6], "texture": "#0"},
				"down": {"uv": [7.5, 2, 6, 3.5], "texture": "#0"}
			}
		},
		{
			"from": [3, 10, 3],
			"to": [13, 12, 13],
			"rotation": {"angle": 0, "axis": "y", "origin": [7, 10, 7]},
			"faces": {
				"north": {"uv": [6, 3.5, 8.5, 4], "texture": "#0"},
				"east": {"uv": [6, 4, 8.5, 4.5], "texture": "#0"},
				"south": {"uv": [6, 4.5, 8.5, 5], "texture": "#0"},
				"west": {"uv": [6, 5, 8.5, 5.5], "texture": "#0"},
				"up": {"uv": [2.5, 2.5, 0, 0], "texture": "#0"},
				"down": {"uv": [2.5, 2.5, 0, 5], "texture": "#0"}
			}
		},
		{
			"from": [2, 4, 7.5],
			"to": [5, 9, 8.5],
			"rotation": {"angle": 0, "axis": "y", "origin": [3, 7, 7.5]},
			"faces": {
				"north": {"uv": [0, 6.5, 0.75, 7.75], "texture": "#0"},
				"east": {"uv": [5.5, 6.5, 5.75, 7.75], "texture": "#0"},
				"south": {"uv": [0.75, 6.5, 1.5, 7.75], "texture": "#0"},
				"west": {"uv": [5.75, 6.5, 6, 7.75], "texture": "#0"},
				"up": {"uv": [3.75, 7.5, 3, 7.25], "texture": "#0"},
				"down": {"uv": [7.25, 7.25, 6.5, 7.5], "texture": "#0"}
			}
		},
		{
			"from": [11, 4, 7.5],
			"to": [14, 9, 8.5],
			"rotation": {"angle": 0, "axis": "y", "origin": [11, 4, 7.5]},
			"faces": {
				"north": {"uv": [4, 6.5, 4.75, 7.75], "texture": "#0"},
				"east": {"uv": [6, 6.5, 6.25, 7.75], "texture": "#0"},
				"south": {"uv": [4.75, 6.5, 5.5, 7.75], "texture": "#0"},
				"west": {"uv": [6.25, 6.5, 6.5, 7.75], "texture": "#0"},
				"up": {"uv": [8, 7.5, 7.25, 7.25], "texture": "#0"},
				"down": {"uv": [2.25, 7.5, 1.5, 7.75], "texture": "#0"}
			}
		},
		{
			"from": [4, 9, 4],
			"to": [12, 10, 12],
			"rotation": {"angle": 0, "axis": "y", "origin": [7, 9, 7]},
			"faces": {
				"north": {"uv": [6.5, 1, 8.5, 1.25], "texture": "#0"},
				"east": {"uv": [6.5, 1.25, 8.5, 1.5], "texture": "#0"},
				"south": {"uv": [6.5, 1.5, 8.5, 1.75], "texture": "#0"},
				"west": {"uv": [6.5, 1.75, 8.5, 2], "texture": "#0"},
				"up": {"uv": [4.5, 2, 2.5, 0], "texture": "#0"},
				"down": {"uv": [4.5, 2, 2.5, 4], "texture": "#0"}
			}
		},
		{
			"name": "cube_outline",
			"from": [12.25, 2.25, 12.25],
			"to": [3.75, -0.25, 3.75],
			"rotation": {"angle": 0, "axis": "y", "origin": [7, 0, 7]},
			"faces": {
				"north": {"uv": [6.75, 7, 9, 7.75], "texture": "#1"},
				"east": {"uv": [7.25, 0, 9.5, 0.75], "texture": "#1"},
				"south": {"uv": [7.25, 0.75, 9.5, 1.5], "texture": "#1"},
				"west": {"uv": [7.25, 1.5, 9.5, 2.25], "texture": "#1"},
				"up": {"uv": [5, 6.75, 2.75, 4.5], "texture": "#1"},
				"down": {"uv": [7.25, 0, 5, 2.25], "texture": "#1"}
			}
		},
		{
			"name": "cube_outline",
			"from": [10.25, 3.25, 10.25],
			"to": [5.75, 1.75, 5.75],
			"rotation": {"angle": 0, "axis": "y", "origin": [7, 2, 7]},
			"faces": {
				"north": {"uv": [3.5, 8, 4.75, 8.5], "texture": "#1"},
				"east": {"uv": [8.5, 3.25, 9.75, 3.75], "texture": "#1"},
				"south": {"uv": [1.5, 9, 2.75, 9.5], "texture": "#1"},
				"west": {"uv": [2.75, 9, 4, 9.5], "texture": "#1"},
				"up": {"uv": [4.75, 8, 3.5, 6.75], "texture": "#1"},
				"down": {"uv": [1.25, 7.25, 0, 8.5], "texture": "#1"}
			}
		},
		{
			"name": "cube_outline",
			"from": [11.25, 9.25, 11.25],
			"to": [4.75, 2.75, 4.75],
			"rotation": {"angle": 0, "axis": "y", "origin": [7, 3, 7]},
			"faces": {
				"north": {"uv": [5, 2.25, 6.75, 4], "texture": "#1"},
				"east": {"uv": [5, 4, 6.75, 5.75], "texture": "#1"},
				"south": {"uv": [0, 5.5, 1.75, 7.25], "texture": "#1"},
				"west": {"uv": [5, 5.75, 6.75, 7.5], "texture": "#1"},
				"up": {"uv": [3.5, 8.5, 1.75, 6.75], "texture": "#1"},
				"down": {"uv": [8.5, 2.25, 6.75, 4], "texture": "#1"}
			}
		},
		{
			"name": "cube_outline",
			"from": [13.25, 12.25, 13.25],
			"to": [2.75, 9.75, 2.75],
			"rotation": {"angle": 0, "axis": "y", "origin": [7, 10, 7]},
			"faces": {
				"north": {"uv": [6.75, 4, 9.5, 4.75], "texture": "#1"},
				"east": {"uv": [6.75, 4.75, 9.5, 5.5], "texture": "#1"},
				"south": {"uv": [6.75, 5.5, 9.5, 6.25], "texture": "#1"},
				"west": {"uv": [6.75, 6.25, 9.5, 7], "texture": "#1"},
				"up": {"uv": [2.75, 2.75, 0, 0], "texture": "#1"},
				"down": {"uv": [2.75, 2.75, 0, 5.5], "texture": "#1"}
			}
		},
		{
			"name": "cube_outline",
			"from": [5.25, 9.25, 8.75],
			"to": [1.75, 3.75, 7.25],
			"rotation": {"angle": 0, "axis": "y", "origin": [3, 7, 7.5]},
			"faces": {
				"north": {"uv": [4.75, 7.5, 5.75, 9], "texture": "#1"},
				"east": {"uv": [8.75, 7.75, 9.25, 9.25], "texture": "#1"},
				"south": {"uv": [5.75, 7.5, 6.75, 9], "texture": "#1"},
				"west": {"uv": [0, 9, 0.5, 10.5], "texture": "#1"},
				"up": {"uv": [2.75, 6, 1.75, 5.5], "texture": "#1"},
				"down": {"uv": [2.75, 6, 1.75, 6.5], "texture": "#1"}
			}
		},
		{
			"name": "cube_outline",
			"from": [14.25, 9.25, 8.75],
			"to": [10.75, 3.75, 7.25],
			"rotation": {"angle": 0, "axis": "y", "origin": [11, 4, 7.5]},
			"faces": {
				"north": {"uv": [6.75, 7.75, 7.75, 9.25], "texture": "#1"},
				"east": {"uv": [0.5, 9, 1, 10.5], "texture": "#1"},
				"south": {"uv": [7.75, 7.75, 8.75, 9.25], "texture": "#1"},
				"west": {"uv": [1, 9, 1.5, 10.5], "texture": "#1"},
				"up": {"uv": [5, 9.5, 4, 9], "texture": "#1"},
				"down": {"uv": [6, 9, 5, 9.5], "texture": "#1"}
			}
		},
		{
			"name": "cube_outline",
			"from": [12.25, 10.25, 12.25],
			"to": [3.75, 8.75, 3.75],
			"rotation": {"angle": 0, "axis": "y", "origin": [7, 9, 7]},
			"faces": {
				"north": {"uv": [0, 8.5, 2.25, 9], "texture": "#1"},
				"east": {"uv": [2.25, 8.5, 4.5, 9], "texture": "#1"},
				"south": {"uv": [8.5, 2.25, 10.75, 2.75], "texture": "#1"},
				"west": {"uv": [8.5, 2.75, 10.75, 3.25], "texture": "#1"},
				"up": {"uv": [5, 2.25, 2.75, 0], "texture": "#1"},
				"down": {"uv": [5, 2.25, 2.75, 4.5], "texture": "#1"}
			}
		}
	],
	"gui_light": "front",
	"display": {
		"thirdperson_righthand": {
			"translation": [0, 4, 0],
			"scale": [0.5, 0.5, 0.5]
		},
		"thirdperson_lefthand": {
			"translation": [0, 4, 0],
			"scale": [0.5, 0.5, 0.5]
		},
		"firstperson_righthand": {
			"rotation": [0, -29.25, -13.75],
			"translation": [0.75, 5, 0],
			"scale": [0.7, 0.7, 0.7]
		},
		"firstperson_lefthand": {
			"rotation": [0, -29.25, -13.75],
			"translation": [0.75, 5, 0],
			"scale": [0.7, 0.7, 0.7]
		},
		"ground": {
			"translation": [0, 2.15, 0],
			"scale": [0.5, 0.5, 0.5]
		},
		"gui": {
			"translation": [0, 2.125, 0],
			"scale": [1.1, 1.1, 1.1]
		},
		"head": {
			"translation": [0, 16.5, 0]
		},
		"fixed": {
			"translation": [0, 32, 18],
			"scale": [2, 2, 2]
		}
	}
}