{
	"format_version": "1.9.0",
	"credit": "Made with Blockbench",
	"texture_size": [32, 32],
	"textures": {
		"0": "dodgebolters:item/inventory/settings_item",
		"1": "dodgebolters:item/inventory/settings_item_outline",
		"particle": "dodgebolters:item/inventory/settings_item"
	},
	"elements": [
		{
			"from": [10, 10, 8],
			"to": [12, 12, 8.5],
			"rotation": {"angle": 0, "axis": "y", "origin": [10, 10, 7.5]},
			"faces": {
				"north": {"uv": [7, 7, 8, 8], "texture": "#0"},
				"east": {"uv": [1, 10, 1.5, 11], "texture": "#0"},
				"south": {"uv": [0, 8, 1, 9], "texture": "#0"},
				"west": {"uv": [10, 1, 10.5, 2], "texture": "#0"},
				"up": {"uv": [2.5, 10.5, 1.5, 10], "texture": "#0"},
				"down": {"uv": [11, 2, 10, 2.5], "texture": "#0"}
			}
		},
		{
			"from": [8, 8, 6],
			"to": [14, 14, 8],
			"rotation": {"angle": 0, "axis": "y", "origin": [10, 10, 6]},
			"faces": {
				"north": {"uv": [4, 0, 7, 3], "texture": "#0"},
				"east": {"uv": [7, 1, 8, 4], "texture": "#0"},
				"south": {"uv": [4, 3, 7, 6], "texture": "#0"},
				"west": {"uv": [6, 7, 7, 10], "texture": "#0"},
				"up": {"uv": [10, 5, 7, 4], "texture": "#0"},
				"down": {"uv": [10, 5, 7, 6], "texture": "#0"}
			}
		},
		{
			"from": [10, 7, 6],
			"to": [12, 8, 8],
			"rotation": {"angle": 0, "axis": "y", "origin": [10, 6, 6]},
			"faces": {
				"north": {"uv": [2.5, 10, 3.5, 10.5], "texture": "#0"},
				"east": {"uv": [10, 2.5, 11, 3], "texture": "#0"},
				"south": {"uv": [10, 3, 11, 3.5], "texture": "#0"},
				"west": {"uv": [3.5, 10, 4.5, 10.5], "texture": "#0"},
				"up": {"uv": [2, 9, 1, 8], "texture": "#0"},
				"down": {"uv": [9, 1, 8, 2], "texture": "#0"}
			}
		},
		{
			"from": [7, 10, 6],
			"to": [8, 12, 8],
			"rotation": {"angle": 0, "axis": "y", "origin": [6, 10, 6]},
			"faces": {
				"north": {"uv": [10, 3.5, 10.5, 4.5], "texture": "#0"},
				"east": {"uv": [2, 8, 3, 9], "texture": "#0"},
				"south": {"uv": [4.5, 10, 5, 11], "texture": "#0"},
				"west": {"uv": [8, 2, 9, 3], "texture": "#0"},
				"up": {"uv": [10.5, 5.5, 10, 4.5], "texture": "#0"},
				"down": {"uv": [5.5, 10, 5, 11], "texture": "#0"}
			}
		},
		{
			"from": [14, 10, 6],
			"to": [15, 12, 8],
			"rotation": {"angle": 0, "axis": "y", "origin": [14, 10, 6]},
			"faces": {
				"north": {"uv": [5.5, 10, 6, 11], "texture": "#0"},
				"east": {"uv": [3, 8, 4, 9], "texture": "#0"},
				"south": {"uv": [10, 5.5, 10.5, 6.5], "texture": "#0"},
				"west": {"uv": [8, 3, 9, 4], "texture": "#0"},
				"up": {"uv": [6.5, 11, 6, 10], "texture": "#0"},
				"down": {"uv": [7, 10, 6.5, 11], "texture": "#0"}
			}
		},
		{
			"from": [10, 14, 6],
			"to": [12, 15, 8],
			"rotation": {"angle": 0, "axis": "y", "origin": [10, 14, 6]},
			"faces": {
				"north": {"uv": [10, 6.5, 11, 7], "texture": "#0"},
				"east": {"uv": [7, 10, 8, 10.5], "texture": "#0"},
				"south": {"uv": [10, 7, 11, 7.5], "texture": "#0"},
				"west": {"uv": [10, 7.5, 11, 8], "texture": "#0"},
				"up": {"uv": [8, 9, 7, 8], "texture": "#0"},
				"down": {"uv": [9, 7, 8, 8], "texture": "#0"}
			}
		},
		{
			"from": [10, 10, 5.5],
			"to": [12, 12, 6],
			"rotation": {"angle": 0, "axis": "y", "origin": [10, 10, 5]},
			"faces": {
				"north": {"uv": [8, 8, 9, 9], "texture": "#0"},
				"east": {"uv": [8, 10, 8.5, 11], "texture": "#0"},
				"south": {"uv": [0, 9, 1, 10], "texture": "#0"},
				"west": {"uv": [10, 8, 10.5, 9], "texture": "#0"},
				"up": {"uv": [9.5, 10.5, 8.5, 10], "texture": "#0"},
				"down": {"uv": [11, 9, 10, 9.5], "texture": "#0"}
			}
		},
		{
			"from": [5, 5, 7.5],
			"to": [7, 7, 8],
			"rotation": {"angle": 0, "axis": "y", "origin": [5, 5, 7]},
			"faces": {
				"north": {"uv": [1, 9, 2, 10], "texture": "#0"},
				"east": {"uv": [9.5, 10, 10, 11], "texture": "#0"},
				"south": {"uv": [9, 1, 10, 2], "texture": "#0"},
				"west": {"uv": [10, 9.5, 10.5, 10.5], "texture": "#0"},
				"up": {"uv": [11.5, 1.5, 10.5, 1], "texture": "#0"},
				"down": {"uv": [2.5, 10.5, 1.5, 11], "texture": "#0"}
			}
		},
		{
			"from": [5, 5, 10],
			"to": [7, 7, 10.5],
			"rotation": {"angle": 0, "axis": "y", "origin": [5, 5, 9.5]},
			"faces": {
				"north": {"uv": [2, 9, 3, 10], "texture": "#0"},
				"east": {"uv": [2.5, 10.5, 3, 11.5], "texture": "#0"},
				"south": {"uv": [9, 2, 10, 3], "texture": "#0"},
				"west": {"uv": [3, 10.5, 3.5, 11.5], "texture": "#0"},
				"up": {"uv": [11.5, 2, 10.5, 1.5], "texture": "#0"},
				"down": {"uv": [4.5, 10.5, 3.5, 11], "texture": "#0"}
			}
		},
		{
			"from": [2, 2, 8],
			"to": [10, 10, 10],
			"rotation": {"angle": 0, "axis": "y", "origin": [5, 2, 8]},
			"faces": {
				"north": {"uv": [0, 0, 4, 4], "texture": "#0"},
				"east": {"uv": [4, 6, 5, 10], "texture": "#0"},
				"south": {"uv": [0, 4, 4, 8], "texture": "#0"},
				"west": {"uv": [5, 6, 6, 10], "texture": "#0"},
				"up": {"uv": [10, 7, 6, 6], "texture": "#0"},
				"down": {"uv": [11, 0, 7, 1], "texture": "#0"}
			}
		},
		{
			"from": [5, 1, 8],
			"to": [7, 2, 10],
			"rotation": {"angle": 0, "axis": "y", "origin": [5, 0, 8]},
			"faces": {
				"north": {"uv": [10.5, 3.5, 11.5, 4], "texture": "#0"},
				"east": {"uv": [10.5, 4, 11.5, 4.5], "texture": "#0"},
				"south": {"uv": [10.5, 4.5, 11.5, 5], "texture": "#0"},
				"west": {"uv": [10.5, 5, 11.5, 5.5], "texture": "#0"},
				"up": {"uv": [4, 10, 3, 9], "texture": "#0"},
				"down": {"uv": [10, 3, 9, 4], "texture": "#0"}
			}
		},
		{
			"from": [5, 10, 8],
			"to": [7, 11, 10],
			"rotation": {"angle": 0, "axis": "y", "origin": [5, 9, 8]},
			"faces": {
				"north": {"uv": [10.5, 5.5, 11.5, 6], "texture": "#0"},
				"east": {"uv": [10.5, 6, 11.5, 6.5], "texture": "#0"},
				"south": {"uv": [7, 10.5, 8, 11], "texture": "#0"},
				"west": {"uv": [10.5, 8, 11.5, 8.5], "texture": "#0"},
				"up": {"uv": [8, 10, 7, 9], "texture": "#0"},
				"down": {"uv": [10, 7, 9, 8], "texture": "#0"}
			}
		},
		{
			"from": [10, 5, 8],
			"to": [11, 7, 10],
			"rotation": {"angle": 0, "axis": "z", "origin": [9, 5, 8]},
			"faces": {
				"north": {"uv": [8.5, 10.5, 9, 11.5], "texture": "#0"},
				"east": {"uv": [8, 9, 9, 10], "texture": "#0"},
				"south": {"uv": [9, 10.5, 9.5, 11.5], "texture": "#0"},
				"west": {"uv": [9, 8, 10, 9], "texture": "#0"},
				"up": {"uv": [11, 10.5, 10.5, 9.5], "texture": "#0"},
				"down": {"uv": [10.5, 10.5, 10, 11.5], "texture": "#0"}
			}
		},
		{
			"from": [1, 5, 8],
			"to": [2, 7, 10],
			"rotation": {"angle": 0, "axis": "y", "origin": [0, 5, 8]},
			"faces": {
				"north": {"uv": [10.5, 10.5, 11, 11.5], "texture": "#0"},
				"east": {"uv": [9, 9, 10, 10], "texture": "#0"},
				"south": {"uv": [0, 11, 0.5, 12], "texture": "#0"},
				"west": {"uv": [0, 10, 1, 11], "texture": "#0"},
				"up": {"uv": [11.5, 1, 11, 0], "texture": "#0"},
				"down": {"uv": [1, 11, 0.5, 12], "texture": "#0"}
			}
		},
		{
			"name": "cube_outline",
			"from": [14.25, 14.25, 8.25],
			"to": [7.75, 7.75, 5.75],
			"rotation": {"angle": 0, "axis": "y", "origin": [10, 10, 6]},
			"faces": {
				"north": {"uv": [4.5, 0, 8, 3.5], "texture": "#1"},
				"east": {"uv": [8, 1.5, 9.5, 5], "texture": "#1"},
				"south": {"uv": [4.5, 3.5, 8, 7], "texture": "#1"},
				"west": {"uv": [7.5, 8.5, 9, 12], "texture": "#1"},
				"up": {"uv": [11.5, 6.5, 8, 5], "texture": "#1"},
				"down": {"uv": [3.5, 9, 0, 10.5], "texture": "#1"}
			}
		},
		{
			"name": "cube_outline",
			"from": [12.25, 8.25, 8.25],
			"to": [9.75, 6.75, 5.75],
			"rotation": {"angle": 0, "axis": "y", "origin": [10, 6, 6]},
			"faces": {
				"north": {"uv": [12, 12, 13.5, 13], "texture": "#1"},
				"east": {"uv": [12.5, 0, 14, 1], "texture": "#1"},
				"south": {"uv": [12.5, 1, 14, 2], "texture": "#1"},
				"west": {"uv": [12.5, 2, 14, 3], "texture": "#1"},
				"up": {"uv": [11, 4.5, 9.5, 3], "texture": "#1"},
				"down": {"uv": [10.5, 10, 9, 11.5], "texture": "#1"}
			}
		},
		{
			"name": "cube_outline",
			"from": [8.25, 12.25, 8.25],
			"to": [6.75, 9.75, 5.75],
			"rotation": {"angle": 0, "axis": "y", "origin": [6, 10, 6]},
			"faces": {
				"north": {"uv": [3.5, 9, 4.5, 10.5], "texture": "#1"},
				"east": {"uv": [0, 10.5, 1.5, 12], "texture": "#1"},
				"south": {"uv": [12.5, 3, 13.5, 4.5], "texture": "#1"},
				"west": {"uv": [1.5, 10.5, 3, 12], "texture": "#1"},
				"up": {"uv": [5.5, 14.5, 4.5, 13], "texture": "#1"},
				"down": {"uv": [14, 4.5, 13, 6], "texture": "#1"}
			}
		},
		{
			"name": "cube_outline",
			"from": [15.25, 12.25, 8.25],
			"to": [13.75, 9.75, 5.75],
			"rotation": {"angle": 0, "axis": "y", "origin": [14, 10, 6]},
			"faces": {
				"north": {"uv": [5.5, 13, 6.5, 14.5], "texture": "#1"},
				"east": {"uv": [3, 10.5, 4.5, 12], "texture": "#1"},
				"south": {"uv": [6.5, 13, 7.5, 14.5], "texture": "#1"},
				"west": {"uv": [10.5, 8.5, 12, 10], "texture": "#1"},
				"up": {"uv": [10, 14.5, 9, 13], "texture": "#1"},
				"down": {"uv": [11, 13, 10, 14.5], "texture": "#1"}
			}
		},
		{
			"name": "cube_outline",
			"from": [12.25, 15.25, 8.25],
			"to": [9.75, 13.75, 5.75],
			"rotation": {"angle": 0, "axis": "y", "origin": [10, 14, 6]},
			"faces": {
				"north": {"uv": [11, 13, 12.5, 14], "texture": "#1"},
				"east": {"uv": [12.5, 13, 14, 14], "texture": "#1"},
				"south": {"uv": [0, 13.5, 1.5, 14.5], "texture": "#1"},
				"west": {"uv": [1.5, 13.5, 3, 14.5], "texture": "#1"},
				"up": {"uv": [12, 11.5, 10.5, 10], "texture": "#1"},
				"down": {"uv": [12.5, 1.5, 11, 3], "texture": "#1"}
			}
		},
		{
			"name": "cube_outline",
			"from": [10.25, 10.25, 10.25],
			"to": [1.75, 1.75, 7.75],
			"rotation": {"angle": 0, "axis": "y", "origin": [5, 2, 8]},
			"faces": {
				"north": {"uv": [0, 0, 4.5, 4.5], "texture": "#1"},
				"east": {"uv": [4.5, 7, 6, 11.5], "texture": "#1"},
				"south": {"uv": [0, 4.5, 4.5, 9], "texture": "#1"},
				"west": {"uv": [6, 7, 7.5, 11.5], "texture": "#1"},
				"up": {"uv": [12, 8.5, 7.5, 7], "texture": "#1"},
				"down": {"uv": [12.5, 0, 8, 1.5], "texture": "#1"}
			}
		},
		{
			"name": "cube_outline",
			"from": [7.25, 2.25, 10.25],
			"to": [4.75, 0.75, 7.75],
			"rotation": {"angle": 0, "axis": "y", "origin": [5, 0, 8]},
			"faces": {
				"north": {"uv": [3, 13.5, 4.5, 14.5], "texture": "#1"},
				"east": {"uv": [13.5, 3, 15, 4], "texture": "#1"},
				"south": {"uv": [13.5, 6, 15, 7], "texture": "#1"},
				"west": {"uv": [13.5, 7, 15, 8], "texture": "#1"},
				"up": {"uv": [1.5, 13.5, 0, 12], "texture": "#1"},
				"down": {"uv": [3, 12, 1.5, 13.5], "texture": "#1"}
			}
		},
		{
			"name": "cube_outline",
			"from": [7.25, 11.25, 10.25],
			"to": [4.75, 9.75, 7.75],
			"rotation": {"angle": 0, "axis": "y", "origin": [5, 9, 8]},
			"faces": {
				"north": {"uv": [7.5, 13.5, 9, 14.5], "texture": "#1"},
				"east": {"uv": [13.5, 8, 15, 9], "texture": "#1"},
				"south": {"uv": [13.5, 9, 15, 10], "texture": "#1"},
				"west": {"uv": [13.5, 10, 15, 11], "texture": "#1"},
				"up": {"uv": [4.5, 13.5, 3, 12], "texture": "#1"},
				"down": {"uv": [13.5, 6, 12, 7.5], "texture": "#1"}
			}
		},
		{
			"name": "cube_outline",
			"from": [11.25, 7.25, 10.25],
			"to": [9.75, 4.75, 7.75],
			"rotation": {"angle": 0, "axis": "y", "origin": [9, 5, 8]},
			"faces": {
				"north": {"uv": [13.5, 11, 14.5, 12.5], "texture": "#1"},
				"east": {"uv": [7.5, 12, 9, 13.5], "texture": "#1"},
				"south": {"uv": [14, 0, 15, 1.5], "texture": "#1"},
				"west": {"uv": [12, 7.5, 13.5, 9], "texture": "#1"},
				"up": {"uv": [15, 3, 14, 1.5], "texture": "#1"},
				"down": {"uv": [15, 4, 14, 5.5], "texture": "#1"}
			}
		},
		{
			"name": "cube_outline",
			"from": [2.25, 7.25, 10.25],
			"to": [0.75, 4.75, 7.75],
			"rotation": {"angle": 0, "axis": "y", "origin": [0, 5, 8]},
			"faces": {
				"north": {"uv": [11, 14, 12, 15.5], "texture": "#1"},
				"east": {"uv": [12, 9, 13.5, 10.5], "texture": "#1"},
				"south": {"uv": [12, 14, 13, 15.5], "texture": "#1"},
				"west": {"uv": [12, 10.5, 13.5, 12], "texture": "#1"},
				"up": {"uv": [15, 14, 14, 12.5], "texture": "#1"},
				"down": {"uv": [14, 14, 13, 15.5], "texture": "#1"}
			}
		}
	],
	"gui_light": "front",
	"display": {
		"thirdperson_righthand": {
			"rotation": [0, -180, 0],
			"translation": [-1, 3.5, 1.75],
			"scale": [0.5, 0.5, 0.5]
		},
		"thirdperson_lefthand": {
			"translation": [-1, 3.5, 1],
			"scale": [0.5, 0.5, 0.5]
		},
		"firstperson_righthand": {
			"rotation": [171.95, 26.47, -167.69],
			"translation": [0, 4, 0.25],
			"scale": [0.7, 0.7, 0.7]
		},
		"firstperson_lefthand": {
			"rotation": [171.95, -153.55, 167.69],
			"translation": [0, 4, 0.25],
			"scale": [0.7, 0.7, 0.7]
		},
		"ground": {
			"translation": [0, 2, 0],
			"scale": [0.5, 0.5, 0.5]
		},
		"gui": {
			"rotation": [0, -180, 0]
		},
		"head": {
			"translation": [0, 14.75, 0]
		}
	},
	"groups": [
		{
			"name": "small",
			"origin": [11, 7, 8.5],
			"color": 0,
			"children": [0, 1, 2, 3, 4, 5, 6]
		},
		{
			"name": "big",
			"origin": [6, 5, 2],
			"color": 0,
			"children": [7, 8, 9, 10, 11, 12, 13]
		},
		14,
		15,
		16,
		17,
		18,
		19,
		20,
		21,
		22,
		23
	]
}