{
	"format_version": "1.9.0",
	"credit": "Made with Blockbench",
	"texture_size": [32, 32],
	"textures": {
		"0": "dodgebolters:item/inventory/unqueued_item",
		"1": "dodgebolters:item/inventory/unqueued_item_outline",
		"particle": "dodgebolters:item/inventory/unqueued_item"
	},
	"elements": [
		{
			"from": [7, 1, 7],
			"to": [9, 6, 9],
			"rotation": {"angle": 0, "axis": "y", "origin": [7, 1, 7]},
			"faces": {
				"north": {"uv": [0, 4, 2, 9], "texture": "#0"},
				"east": {"uv": [2, 4, 4, 9], "texture": "#0"},
				"south": {"uv": [4, 4, 6, 9], "texture": "#0"},
				"west": {"uv": [6, 0, 8, 5], "texture": "#0"},
				"up": {"uv": [10, 4, 8, 2], "texture": "#0"},
				"down": {"uv": [2, 9, 0, 11], "texture": "#0"}
			}
		},
		{
			"from": [5, 6, 7],
			"to": [11, 7, 9],
			"rotation": {"angle": 0, "axis": "y", "origin": [7, 6, 7]},
			"faces": {
				"north": {"uv": [8, 0, 14, 1], "texture": "#0"},
				"east": {"uv": [2, 10, 4, 11], "texture": "#0"},
				"south": {"uv": [8, 1, 14, 2], "texture": "#0"},
				"west": {"uv": [10, 2, 12, 3], "texture": "#0"},
				"up": {"uv": [6, 2, 0, 0], "texture": "#0"},
				"down": {"uv": [6, 2, 0, 4], "texture": "#0"}
			}
		},
		{
			"from": [6, 7, 7],
			"to": [10, 8, 9],
			"rotation": {"angle": 0, "axis": "y", "origin": [7, 7, 7]},
			"faces": {
				"north": {"uv": [8, 4, 12, 5], "texture": "#0"},
				"east": {"uv": [10, 3, 12, 4], "texture": "#0"},
				"south": {"uv": [2, 9, 6, 10], "texture": "#0"},
				"west": {"uv": [4, 10, 6, 11], "texture": "#0"},
				"up": {"uv": [10, 7, 6, 5], "texture": "#0"},
				"down": {"uv": [10, 7, 6, 9], "texture": "#0"}
			}
		},
		{
			"from": [7, 8, 7],
			"to": [9, 9, 9],
			"rotation": {"angle": 0, "axis": "y", "origin": [7, 8, 7]},
			"faces": {
				"north": {"uv": [10, 5, 12, 6], "texture": "#0"},
				"east": {"uv": [10, 6, 12, 7], "texture": "#0"},
				"south": {"uv": [10, 7, 12, 8], "texture": "#0"},
				"west": {"uv": [10, 8, 12, 9], "texture": "#0"},
				"up": {"uv": [8, 11, 6, 9], "texture": "#0"},
				"down": {"uv": [10, 9, 8, 11], "texture": "#0"}
			}
		},
		{
			"name": "cube_outline",
			"from": [9.25, 9.25, 9.25],
			"to": [6.75, 7.75, 6.75],
			"rotation": {"angle": 0, "axis": "y", "origin": [7, 8, 7]},
			"faces": {
				"north": {"uv": [7, 5, 8.5, 6], "texture": "#1"},
				"east": {"uv": [7, 6, 8.5, 7], "texture": "#1"},
				"south": {"uv": [7, 7, 8.5, 8], "texture": "#1"},
				"west": {"uv": [1.5, 7.5, 3, 8.5], "texture": "#1"},
				"up": {"uv": [4, 7.5, 2.5, 6], "texture": "#1"},
				"down": {"uv": [5.5, 6, 4, 7.5], "texture": "#1"}
			}
		},
		{
			"name": "cube_outline",
			"from": [9.25, 6.25, 9.25],
			"to": [6.75, 0.75, 6.75],
			"rotation": {"angle": 0, "axis": "y", "origin": [7, 1, 7]},
			"faces": {
				"north": {"uv": [0, 3, 1.5, 6], "texture": "#1"},
				"east": {"uv": [1.5, 3, 3, 6], "texture": "#1"},
				"south": {"uv": [3, 3, 4.5, 6], "texture": "#1"},
				"west": {"uv": [3.5, 0, 5, 3], "texture": "#1"},
				"up": {"uv": [7, 7.5, 5.5, 6], "texture": "#1"},
				"down": {"uv": [1.5, 7, 0, 8.5], "texture": "#1"}
			}
		},
		{
			"name": "cube_outline",
			"from": [11.25, 7.25, 9.25],
			"to": [4.75, 5.75, 6.75],
			"rotation": {"angle": 0, "axis": "y", "origin": [7, 6, 7]},
			"faces": {
				"north": {"uv": [5, 0, 8.5, 1], "texture": "#1"},
				"east": {"uv": [7.5, 2, 9, 3], "texture": "#1"},
				"south": {"uv": [5, 1, 8.5, 2], "texture": "#1"},
				"west": {"uv": [3, 7.5, 4.5, 8.5], "texture": "#1"},
				"up": {"uv": [3.5, 1.5, 0, 0], "texture": "#1"},
				"down": {"uv": [3.5, 1.5, 0, 3], "texture": "#1"}
			}
		},
		{
			"name": "cube_outline",
			"from": [10.25, 8.25, 9.25],
			"to": [5.75, 6.75, 6.75],
			"rotation": {"angle": 0, "axis": "y", "origin": [7, 7, 7]},
			"faces": {
				"north": {"uv": [5, 2, 7.5, 3], "texture": "#1"},
				"east": {"uv": [7, 3, 8.5, 4], "texture": "#1"},
				"south": {"uv": [0, 6, 2.5, 7], "texture": "#1"},
				"west": {"uv": [7, 4, 8.5, 5], "texture": "#1"},
				"up": {"uv": [7, 4.5, 4.5, 3], "texture": "#1"},
				"down": {"uv": [7, 4.5, 4.5, 6], "texture": "#1"}
			}
		}
	],
	"gui_light": "front",
	"display": {
		"thirdperson_righthand": {
			"translation": [0, 5.5, 1.5],
			"scale": [0.75, 0.75, 0.75]
		},
		"thirdperson_lefthand": {
			"translation": [0, 5.5, 1.5],
			"scale": [0.75, 0.75, 0.75]
		},
		"firstperson_righthand": {
			"rotation": [-8, 156, 13],
			"translation": [0.75, 7, 0],
			"scale": [1.2, 1.2, 1.2]
		},
		"firstperson_lefthand": {
			"rotation": [-8, 156, 13],
			"translation": [0.75, 7, 0],
			"scale": [1.2, 1.2, 1.2]
		},
		"ground": {
			"translation": [0, 3.25, 0],
			"scale": [0.75, 0.75, 0.75]
		},
		"gui": {
			"translation": [0, 5, 0],
			"scale": [1.7, 1.7, 2]
		},
		"head": {
			"translation": [0, 18.75, 0],
			"scale": [1.5, 1.5, 1.5]
		},
		"fixed": {
			"translation": [0, 5, 0],
			"scale": [1.7, 1.7, 2]
		}
	}
}