{
    "textures": {
        "1": "dodgebolters:item/general/slushy",
        "particle": "dodgebolters:item/general/slushy"
    },
    "elements": [
        {
            "from": [
                6.5,
                10.25,
                6.5
            ],
            "to": [
                9.5,
                10.25,
                9.5
            ],
            "faces": {
                "up": {
                    "uv": [
                        3.5,
                        6.0,
                        5.0,
                        7.5
                    ],
                    "texture": "#1"
                },
                "down": {
                    "uv": [
                        3.5,
                        6.0,
                        5.0,
                        7.5
                    ],
                    "texture": "#1"
                }
            }
        },
        {
            "from": [
                11.0,
                10.0,
                11.0
            ],
            "to": [
                5.0,
                0.0,
                5.0
            ],
            "faces": {
                "north": {
                    "uv": [
                        3.5,
                        0.5,
                        6.5,
                        5.5
                    ],
                    "texture": "#1"
                },
                "east": {
                    "uv": [
                        3.5,
                        0.5,
                        6.5,
                        5.5
                    ],
                    "texture": "#1"
                },
                "south": {
                    "uv": [
                        3.5,
                        0.5,
                        6.5,
                        5.5
                    ],
                    "texture": "#1"
                },
                "west": {
                    "uv": [
                        3.5,
                        0.5,
                        6.5,
                        5.5
                    ],
                    "texture": "#1"
                },
                "up": {
                    "uv": [
                        0.5,
                        3.5,
                        3.5,
                        6.5
                    ],
                    "texture": "#1"
                },
                "down": {
                    "uv": [
                        0.5,
                        0.5,
                        3.5,
                        3.5
                    ],
                    "texture": "#1"
                }
            }
        },
        {
            "from": [
                5.5,
                0.5,
                5.5
            ],
            "to": [
                10.5,
                6.5,
                10.5
            ],
            "faces": {
                "north": {
                    "uv": [
                        10.0,
                        3.5,
                        12.5,
                        6.5
                    ],
                    "texture": "#1",
                    "tintindex": 0
                },
                "east": {
                    "uv": [
                        10.0,
                        3.5,
                        12.5,
                        6.5
                    ],
                    "texture": "#1",
                    "tintindex": 0
                },
                "south": {
                    "uv": [
                        10.0,
                        3.5,
                        12.5,
                        6.5
                    ],
                    "texture": "#1",
                    "tintindex": 0
                },
                "west": {
                    "uv": [
                        10.0,
                        3.5,
                        12.5,
                        6.5
                    ],
                    "texture": "#1",
                    "tintindex": 0
                },
                "up": {
                    "uv": [
                        7.5,
                        3.0,
                        10.0,
                        5.5
                    ],
                    "texture": "#1",
                    "tintindex": 0
                },
                "down": {
                    "uv": [
                        7.5,
                        0.5,
                        10.0,
                        3.0
                    ],
                    "texture": "#1",
                    "tintindex": 0
                }
            }
        },
        {
            "from": [
                4.5,
                6.5,
                8.0
            ],
            "to": [
                11.5,
                9.5,
                8.0
            ],
            "rotation": {
                "angle": -45.0,
                "axis": "y",
                "origin": [
                    8.0,
                    9.0,
                    8.0
                ]
            },
            "faces": {
                "north": {
                    "uv": [
                        9.0,
                        6.5,
                        12.5,
                        8.0
                    ],
                    "texture": "#1",
                    "tintindex": 0
                },
                "south": {
                    "uv": [
                        9.0,
                        6.5,
                        12.5,
                        8.0
                    ],
                    "texture": "#1",
                    "tintindex": 0
                }
            }
        },
        {
            "from": [
                8.0,
                6.5,
                4.5
            ],
            "to": [
                8.0,
                9.5,
                11.5
            ],
            "rotation": {
                "angle": -45.0,
                "axis": "y",
                "origin": [
                    8.0,
                    9.0,
                    8.0
                ]
            },
            "faces": {
                "east": {
                    "uv": [
                        9.0,
                        6.5,
                        12.5,
                        8.0
                    ],
                    "texture": "#1",
                    "tintindex": 0
                },
                "west": {
                    "uv": [
                        9.0,
                        6.5,
                        12.5,
                        8.0
                    ],
                    "texture": "#1",
                    "tintindex": 0
                }
            }
        },
        {
            "from": [
                7.25,
                1.0,
                7.25
            ],
            "to": [
                8.75,
                14.0,
                8.75
            ],
            "rotation": {
                "angle": 0.0,
                "axis": "z",
                "origin": [
                    8.0,
                    7.5,
                    8.0
                ]
            },
            "faces": {
                "north": {
                    "uv": [
                        7.0,
                        0.5,
                        7.5,
                        7.0
                    ],
                    "texture": "#1"
                },
                "east": {
                    "uv": [
                        7.0,
                        0.5,
                        7.5,
                        7.0
                    ],
                    "texture": "#1"
                },
                "south": {
                    "uv": [
                        7.0,
                        0.5,
                        7.5,
                        7.0
                    ],
                    "texture": "#1"
                },
                "west": {
                    "uv": [
                        7.0,
                        0.5,
                        7.5,
                        7.0
                    ],
                    "texture": "#1"
                }
            }
        },
        {
            "from": [
                4.9,
                6.9,
                4.9
            ],
            "to": [
                11.1,
                8.1,
                11.1
            ],
            "faces": {
                "north": {
                    "uv": [
                        3.5,
                        5.5,
                        6.5,
                        6.0
                    ],
                    "texture": "#1"
                },
                "east": {
                    "uv": [
                        3.5,
                        5.5,
                        6.5,
                        6.0
                    ],
                    "texture": "#1"
                },
                "south": {
                    "uv": [
                        3.5,
                        5.5,
                        6.5,
                        6.0
                    ],
                    "texture": "#1"
                },
                "west": {
                    "uv": [
                        3.5,
                        5.5,
                        6.5,
                        6.0
                    ],
                    "texture": "#1"
                }
            }
        },
        {
            "from": [
                8.75,
                14.0,
                8.75
            ],
            "to": [
                7.25,
                1.0,
                7.25
            ],
            "rotation": {
                "angle": 0.0,
                "axis": "z",
                "origin": [
                    8.0,
                    7.5,
                    8.0
                ]
            },
            "faces": {
                "north": {
                    "uv": [
                        7.0,
                        7.0,
                        7.5,
                        0.5
                    ],
                    "texture": "#1"
                },
                "east": {
                    "uv": [
                        7.0,
                        7.0,
                        7.5,
                        0.5
                    ],
                    "texture": "#1"
                },
                "south": {
                    "uv": [
                        7.0,
                        7.0,
                        7.5,
                        0.5
                    ],
                    "texture": "#1"
                },
                "west": {
                    "uv": [
                        7.0,
                        7.0,
                        7.5,
                        0.5
                    ],
                    "texture": "#1"
                }
            }
        }
    ],
    "display": {
        "thirdperson_righthand": {
            "translation": [
                1.75,
                4.0,
                2.5
            ],
            "rotation": [
                55.55,
                59.72,
                -10.85
            ],
            "scale": [
                0.85,
                0.85,
                0.85
            ]
        },
        "thirdperson_lefthand": {
            "translation": [
                1.75,
                4.0,
                2.5
            ],
            "rotation": [
                55.55,
                59.72,
                -10.85
            ],
            "scale": [
                0.85,
                0.85,
                0.85
            ]
        },
        "firstperson_righthand": {
            "translation": [
                8.75,
                1.5,
                -5.75
            ],
            "rotation": [
                3.0,
                112.0,
                -13.0
            ],
            "scale": [
                0.70508,
                0.70508,
                0.70508
            ]
        },
        "firstperson_lefthand": {
            "translation": [
                8.75,
                1.5,
                -5.75
            ],
            "rotation": [
                3.0,
                112.0,
                -13.0
            ],
            "scale": [
                0.70508,
                0.70508,
                0.70508
            ]
        },
        "gui": {
            "translation": [
                0.75,
                1.75,
                0.0
            ],
            "rotation": [
                -138.48,
                -8.26,
                -158.29
            ],
            "scale": [
                1.02305,
                1.02305,
                1.02305
            ]
        }
    },
    "credit": "Made with Blockbench",
    "gui_light": "front"
}