{
    "textures": {
        "texture": "dodgebolters:item/select/1",
        "particle": "dodgebolters:item/select/1"
    },
    "elements": [
        {
            "from": [
                -16.0,
                -16.0,
                15.9375
            ],
            "to": [
                32.0,
                32.0,
                16.0
            ],
            "rotation": {
                "angle": 0.0,
                "axis": "y",
                "origin": [
                    3.2,
                    16.0,
                    15.96875
                ]
            },
            "faces": {
                "north": {
                    "uv": [
                        0.0,
                        0.0,
                        16.0,
                        16.0
                    ],
                    "texture": "#texture"
                },
                "south": {
                    "uv": [
                        0.0,
                        0.0,
                        16.0,
                        16.0
                    ],
                    "texture": "#texture"
                }
            }
        }
    ],
    "display": {
        "firstperson_lefthand": {
            "scale": [
                0.0001,
                0.0001,
                0.0001
            ]
        },
        "gui": {
            "translation": [
                72.0,
                -52.0,
                0.0
            ],
            "scale": [
                2.66,
                2.66,
                4.0
            ]
        }
    },
    "credit": "Made with Blockbench",
    "gui_light": "front"
}